frame,distance,distance_smooth
0,606.2093198686712,606.2093198686712
1,606.5599817117338,606.3846507902025
2,606.7032227336716,606.4908414380255
3,608.230834982911,606.9258398242469
4,608.0369923218798,607.1480703237735
5,608.8134473431275,607.6688958186647
6,609.3640579392087,608.2297110641597
7,608.8992220883,608.6689109350854
8,608.4589503533441,608.714534009172
9,608.9483916120705,608.8968138672101
10,612.8911463348118,609.712353665547
11,613.1317507663161,610.4658922309685
12,611.8878763399969,611.0636230813079
13,611.9696089108272,611.7657547928045
14,616.047954099082,613.1856672902068
15,619.0226464049776,614.41196730424
16,619.409179033049,615.6674529575865
17,619.1579751257369,617.1214727147345
18,620.6574127013763,618.8590334728444
19,617.9564781156952,619.240738276167
20,619.2611549543087,619.2884399860333
21,619.2279202014902,619.2521882197215
22,618.9629842436427,619.2131900433026
23,618.4943338383672,618.7805742707008
24,617.6946547943437,618.7282096064306
25,618.9425744255284,618.6644935006744
26,618.0126488670651,618.4214392337893
27,620.3650647765206,618.701855340365
28,618.7454367412056,618.7520759209326
29,619.064252669611,619.0259954959862
30,618.0483904371897,618.8471586983185
31,618.264911046812,618.8976111342678
32,615.5402661731813,617.9326514136
33,615.4971729865058,617.28299866266
34,615.1709207016382,616.5043322690655
35,615.3356830631675,615.9617907942609
36,610.9954833687646,614.5079052586515
37,608.6969609177748,613.1392442075701
38,608.4334548664176,611.7265005835526
39,608.274977032919,610.3473118498086
40,605.4652069436353,608.3732166259023
41,603.7109507648909,606.9163101051274
42,603.5489369338702,605.8867053083466
43,602.1517318963553,604.6303607143342
44,601.9144965491997,603.3582646175903
45,602.9147572857119,602.8481746860056
46,599.6477994032794,602.0355444136833
47,601.9207799422039,601.70991301535
48,600.2519310755187,601.3299528511827
49,597.5848473875918,600.4640230188611
50,597.8133786327083,599.4437472882604
51,593.2445861106845,598.1631046297414
52,590.9608341703896,595.9711154753786
53,583.0040185286321,592.5215329660012
54,575.6461921774486,588.1338019239727
55,577.4278975610812,584.0567057096472
56,576.5286720086225,580.7135228892348
57,578.7613319453702,578.2736224442309
58,577.6830427438522,577.2094272872749
59,575.8791490747556,577.2560186667363
60,572.9526918118501,576.3609775168901
61,579.1689535789278,576.8890338309511
62,577.6077122047845,576.6583098828339
63,572.9735479561386,575.7164109252914
64,575.7033681450887,575.681254739358
65,570.532683822344,575.1972531414567
66,571.4735759484024,573.6581776153516
67,570.7422681445704,572.2850888033088
68,568.1371788287356,571.3178149778282
69,567.78871396695,569.7348841422005
70,564.8144410218922,568.5912355821101
71,562.0785400101178,566.7122283944532
72,560.43616402007,564.6510075695531
73,555.1326461104582,562.0501010258977
74,545.5246124993567,557.597280732379
75,548.0296353487552,554.2403195977516
76,552.9622268602711,552.4170569677823
77,558.1768813041085,551.96520042459
78,552.8177561024216,551.5022224229826
79,551.208469414109,552.6389938059331
80,552.9473383790332,553.6225344119887
81,556.3108977588364,554.2922685917017
82,556.5642427163243,553.9697408741449
83,556.7677682990612,554.7597433134729
84,559.6605436877775,556.4501581682065
85,558.5938539266092,557.5794612777217
86,554.9095146558408,557.2991846571226
87,558.858827464784,557.7581016068145
88,561.5681022469489,558.718168396392
89,556.1891924585069,558.0238981505379
90,554.412111681176,557.1875497014513
91,554.8811676361937,557.181880297522
92,559.562073675072,557.3225295395795
93,564.4896545636691,557.9068400029236
94,564.6914101909063,559.6072835494034
95,559.8216560915491,560.689192431478
96,558.4274712193425,561.3984531481078
97,556.9755871001519,560.8811558331238
98,557.7665574128006,559.5365364029501
99,554.9643813637947,557.5911306375277
100,557.6828385057785,557.1633671203736
101,556.388151278908,556.7555031322867
102,556.5543748014248,556.6712606725414
103,556.2445422125476,556.3668576324907
104,558.0944588412424,556.9928731279803
105,560.4544135675206,557.5471881403287
106,568.2257686169629,559.9147116079396
107,562.4997519533512,561.103787038325
108,564.4680207342789,562.7484827426712
109,571.3080806874372,565.3912071119101
110,572.6560192702304,567.831528252452
111,573.690602962737,568.9244951216069
112,576.1974825922703,571.6640412493907
113,572.929354703272,573.3563080431893
114,573.357083035826,573.7661085128672
115,575.4241914913675,574.3197429570946
116,577.0539577561944,574.9924139157861
117,581.1334986225355,575.9796171218392
118,577.1604883933666,576.825843859858
119,573.4328159585133,576.8409904443955
120,568.4244437049061,575.4410408871032
121,567.890500199426,573.6083493757494
122,566.6915471394633,570.7199590791349
123,564.2189056965121,568.1316425397641
124,561.395247510382,565.724128850138
125,570.8171619515781,566.2026724994723
126,565.7354576273312,565.7716639850535
127,563.4580653963692,565.1249676364346
128,562.2584124116515,564.7328689794624
129,563.5723356379841,565.1682866049829
130,553.8738840709464,561.7796310288566
131,552.4986313893723,559.1322657812647
132,567.8087724590454,560.0024071938
133,563.2589901175972,560.2025227349891
134,569.280647631138,561.3441851336199
135,563.8560418242186,563.3406166842743
136,565.4818682980024,565.9372640660002
137,566.5043324500982,565.6763760642109
138,559.9484945468714,565.0142769500657
139,564.2000653886138,563.9981605015608
140,559.1545218662258,563.0578565099623
141,536.7108405832995,557.3036509670217
142,544.7614238793635,552.9550692528749
143,553.2783258859663,551.6210355206938
144,552.9410654197633,549.3692355269237
145,558.4104688261621,549.2204249189109
146,538.5019010998338,549.5786370222179
147,559.7746520877638,552.5812826638978
148,557.7227677823361,553.4701710431717
149,560.6963224995878,555.0212224591367
150,549.5560202611088,553.2503327461261
151,535.8029174616149,552.7105360184822
152,552.8032607414162,551.3162577492127
153,545.3356056166568,548.838825316077
154,522.9585092214485,541.2912626604491
155,547.3679165081898,540.8536419098652
156,525.4187077402972,538.7767999656018
157,552.3661835483153,538.6893845269815
158,531.0397688185741,535.8302171673649
159,530.013989254767,537.2413131740287
160,532.2193794002246,534.2116057524356
161,528.6731734189965,534.8624988881754
162,528.7539622540978,530.140054629332
163,535.0021962699086,530.9325401195989
164,538.0757432141079,532.5448909114671
165,535.9576322504178,533.2925414815056
166,536.0655342188692,534.7710136414802
167,534.5004352576403,535.9203082421888
168,536.2145705318854,536.1627830945841
169,537.9857594775242,536.1447863472674
170,537.9186784357549,536.5369955843348
171,540.0798576231319,537.3398602651874
172,542.0813158454151,538.8560363827423
173,542.3791176514625,540.0889458066576
174,539.865587814523,540.4649114740575
175,538.6510490584787,540.6113855986023
176,535.6038040585696,539.7161748856898
177,535.5799876640274,538.4159092494123
178,539.2954252127098,537.7991707616618
179,541.8023491490832,538.1865230285737
180,543.5166191943873,539.1596370557554
181,541.8990998441958,540.4186962128807
182,546.8601613037528,542.6747309408258
183,530.2185904736974,540.8593639930233
184,546.677649316043,541.8344240264153
185,556.1657595050118,544.3642520885402
186,557.8197104023263,547.5483742001663
187,563.7608932156535,550.9285205825465
188,563.9266615532665,557.6701347984603
189,573.5555473603679,563.0457144073251
190,566.3240648490538,565.0773754761336
191,576.2901435996996,568.7714621156083
192,565.1254743311423,569.044378338706
193,568.6166168264341,569.9823693933395
194,576.1422517320827,570.4997102676825
195,579.1649250413354,573.0678823061389
196,583.5405211074893,574.5179578076967
197,587.1908585894173,578.9310346593518
198,592.7541283789645,583.7585369698578
199,595.4230224635736,587.6146911161561
200,593.4593054161561,590.4735671911201
201,594.4011586970827,592.6456947090389
202,597.6893804884132,594.745399088838
203,599.739950419298,596.1425634969048
204,598.6092067934466,596.7798003628793
205,601.5017356238295,598.388286404414
206,601.7728198238667,599.8626186297709
207,606.9448952990272,601.7137215918935
208,607.4184852632751,603.249428560689
209,605.6145902019152,604.6505052423828
210,610.0992456888545,606.3700072553877
211,610.658711205584,608.1471855317311
212,614.6765582389394,609.6935181197136
213,625.4420391529821,613.2982288976551
214,630.9031836413982,618.3559475855516
215,631.9033669318577,622.7167718341523
216,635.049674040929,627.5949644012213
217,629.6439133723076,630.5884354278949
218,628.8813436638432,631.2762963300672
219,627.7592400466476,630.647507611117
220,630.0510522164668,630.2770446680388
221,627.4489350520458,628.7568968702623
222,628.3667008135243,628.5014543585055
223,625.5061791211145,627.8264214499598
224,625.9869913972313,627.4719717200766
225,628.8680913833138,627.235379553446
226,628.208884027072,627.3873693484511
227,630.6915199785856,627.8523331814635
228,635.8474810142656,629.9205935600937
229,634.0335628006952,631.5299078407864
230,634.115815089497,632.5794525820231
231,636.0980728413799,634.1572903448847
232,636.9404491860963,635.4070761863868
233,635.5995742029445,635.3574948241226
234,637.986665847339,636.1481154334513
235,637.863600596774,636.8976725349067
236,637.2999856590754,637.1380550984459
237,640.4129663994029,637.8325585411072
238,637.3925240178824,638.1911485040948
239,636.0241862263881,637.7986525799045
240,633.1823387632747,636.8624002132048
241,631.0204377430997,635.6064906300096
242,630.729118371581,633.6697210244452
243,629.816129562422,632.1544421333531
244,627.2854596285528,630.4066968137861
245,626.1034879753313,628.9909266561974
246,629.0833031938573,628.6034997463488
247,621.3100558303884,626.7196872381103
248,620.9322527507021,624.9429118757664
249,617.0171051041034,622.8892409708765
250,614.7463777109065,620.6178189179916
251,609.2816083069947,616.6574799406189
252,605.1745576370129,613.430380301944
253,604.4852013037741,610.1409700125583
254,606.461909024938,608.0299307967252
255,599.7089384151654,605.022442937577
256,600.0886976069957,603.1838607975773
257,596.1339361746196,601.3757365050985
258,593.0806536247,599.0948269692838
259,592.1579596342177,596.2340370911397
260,592.1415958855818,594.720568585223
261,591.7110310771886,593.0450352792616
262,589.9717878422061,591.8126056127788
263,586.2814278545773,590.4527604587543
264,583.7555167429853,588.7722718805078
265,584.3606250482734,587.2160777130462
266,581.6701873067605,585.2079089589604
267,575.772373606072,582.3680261117336
268,571.7803674003815,579.4678140208946
269,571.3701421828332,576.9907391088641
270,570.6074939470237,574.2401128886142
271,568.6168721236509,571.6294498519923
272,567.800235752711,570.0350222813202
273,566.6038428925542,568.9997173797545
274,567.383760180167,568.2024409792214
275,569.2101479584444,567.9229717815055
276,568.4936491419206,567.8983271851595
277,568.6964801726401,568.0775760691453
278,566.3868100432103,568.0341694992765
279,566.1861138920038,567.794640241644
280,567.266466521573,567.4059039542697
281,570.2440204528264,567.7559782164507
282,565.493710654947,567.115424312912
283,564.2607859840244,566.6902195010749
284,570.3975017380023,567.5324970702746
285,569.0449542193828,567.8881946098365
286,586.5947166102372,571.1583338413187
287,583.8167553823159,574.8229427867925
288,587.2079614655427,579.4123778830963
289,592.1821523189179,583.7693079992794
290,594.8708836377305,588.9344938829488
291,595.6034938639099,590.7362493336834
292,585.1650739013545,591.0059130374912
293,602.47100217316,594.0585211790145
294,597.1833108230402,595.058752879839
295,602.1381792758149,596.5122120074559
296,595.4499903405008,596.4815113027742
297,589.4524669477772,597.3389899120587
298,593.738193032106,595.5924280838478
299,593.74807226846,594.9053803729317
300,600.0622303973291,594.4901905972346
301,603.0527759262429,596.0107477143831
302,606.1567303510494,599.3516003950374
303,604.8631946319099,601.5766007149983
304,607.3314553782523,604.2932773369567
305,604.6614694614161,605.2131251497742
306,600.810487170375,604.7646673986005
307,604.3647048043158,604.4062622892538
308,607.8745214206768,605.0085276470072
309,608.4099287775601,605.2242223268688
310,607.0144393976971,605.6948163141249
311,607.1324360843697,606.9592060969239
312,611.8430006051841,608.4548652570976
313,608.5386850826425,608.5876979894907
314,606.580176239435,608.2217474818657
315,605.3515155470499,607.8891627117363
316,606.1939758844519,607.7014706717526
317,605.0045120895716,606.3337729686302
318,605.0827030348216,605.6425765590659
319,601.2159473624616,604.5697307836714
320,602.3818179719265,603.9757912686466
321,601.0391140879462,602.9448189093455
322,600.6526011998517,602.0744367314015
323,599.1088044976476,600.8796570239667
324,600.9695789716639,600.8303833458071
325,602.0169858893113,600.7574169292842
326,602.2816073899048,601.0059155896759
327,598.8091404776218,600.6372234452299
328,601.0733978696063,601.0301421196216
329,602.6239526073743,601.3610168467637
330,606.5539147093566,602.2684026107729
331,602.1540088739565,602.2428829075832
332,597.6815330746938,602.0173614269976
333,596.6887584019138,601.140433533459
334,597.2351604681764,600.0626751056194
335,599.8477358167532,598.7214393270987
336,599.0876240417817,598.1081623606639
337,599.3810066114318,598.4480570680114
338,600.8737457660887,599.2850545408464
339,601.1450955901652,600.0670415652442
340,603.2569660999368,600.7488876218808
341,604.0184214927556,601.7350471120756
342,606.7705014512584,603.212946080041
343,605.7790094220162,604.1939988112264
344,605.9778561084107,605.1605509148756
345,607.3525935002,605.9796763949282
346,607.2108611582483,606.6181643280268
347,606.2208486645014,606.5082337706754
348,605.8234543224078,606.5171227507537
349,605.3118519978036,606.3839219286322
350,606.6625058220721,606.2459043930066
351,609.07437529051,606.618607219459
352,609.8161815737152,607.3376738013018
353,613.6789750161577,608.9087779400518
354,614.2117518323219,610.6887579069554
355,613.4578836323473,612.0478334690104
356,613.0399158473468,612.8409415803778
357,609.4080384214205,612.7593129499189
358,609.1043446900401,611.8443868846953
359,609.1695294423979,610.8359424067105
360,609.4109005973103,610.0265457997032
361,609.1939297834987,609.2573485869335
362,609.2009395161867,609.2159288058867
363,610.1316866405703,609.4213971959928
364,610.6177178174856,609.7110348710103
365,612.0116028298489,610.2311753175179
366,611.0114170241756,610.5946727656535
367,610.5880636363455,610.8720975896852
368,611.463753798946,611.1385110213603
369,615.0269951752621,612.0203664929156
370,617.4778018507016,613.1136062970861
371,620.1646246638211,614.9442478250152
372,618.8501391803053,616.5966629338072
373,617.9748973093683,617.8988916358916
374,618.1365027203625,618.5207931449117
375,617.4188963517366,618.5090120451189
376,618.8341829542674,618.242923703208
377,617.7395134865852,618.020798564464
378,617.6511879015753,617.9560566829053
379,617.6415796131582,617.8570720614646
380,625.1412024650174,619.4015332841207
381,622.2982768403745,620.0943520613421
382,621.3320054700429,620.8128504580336
383,623.2959329128605,621.9417994602907
384,621.5190548988844,622.7172945174359
385,621.9779170243556,622.0846374293036
386,622.2671023363206,622.0784025284928
387,623.7733117769209,622.5666637898685
388,624.8048352533542,622.8684442579672
389,628.0481759471853,624.1742684676273
390,629.1371675659537,625.606118575947
391,629.2752953714643,627.0077571829758
392,631.0411748917048,628.4613298059325
393,628.8171238951039,629.2637875342823
394,627.3746367836795,629.1290797015813
395,632.849693274736,629.8715848433377
396,632.436406668135,630.5038071026718
397,629.9400978094743,630.2835916862257
398,630.303899246124,630.5809467564297
399,629.2785060308196,630.9617206058577
400,631.5945370074664,630.710689352404
401,630.3856779729523,630.3005436133674
402,629.5699761057929,630.2265192726311
403,628.5822474926495,629.8821889219362
404,628.558410619236,629.7381698396194
405,629.1506434620921,629.2493911305445
406,630.7023484053741,629.312725217029
407,630.3628580189387,629.4713015996582
408,629.7193273214924,629.6987175654266
409,629.9142398095103,629.9698834034815
410,629.3916385244197,630.0180824159471
411,629.960256761515,629.8696640871751
412,632.9413027818838,630.3853530397643
413,632.7343577312662,630.988359121719
414,628.6001636446538,630.7255438887477
415,628.4241311437512,630.5320424126139
416,627.8744187151365,630.1148748033384
417,629.6003261607657,629.4466794791148
418,629.421703927354,628.7841487183323
419,630.0982790403409,629.0837717974697
420,629.739211618746,629.3467878924687
421,629.716694304883,629.7152430104179
422,632.536470824814,630.3024719432276
423,631.769486902912,630.7720285383391
424,632.2788071272109,631.2081341557133
425,632.5042970274446,631.761151237453
426,629.9989674177443,631.8176058600252
427,633.2399029263509,631.9582922803326
428,630.6903316743316,631.7424612346165
429,629.0890613908372,631.1045120873416
430,631.9767522387102,630.9990031295949
431,633.234220677267,631.6460537814994
432,629.9537513768122,630.9888234715916
433,631.8649335452207,631.2237438457694
434,630.2493951149996,631.4558105906019
435,630.0566876252699,631.0717976679138
436,629.856975904153,630.3963487132911
437,628.7209609652281,630.1497906309744
438,626.409071260703,629.0586181740707
439,628.4013752398613,628.6890141990431
440,628.7936053797432,628.4363977499377
441,628.5523401305624,628.1754705952196
442,629.2502483711428,628.2813280764026
443,630.7389698793143,629.1473078001247
444,630.8772709127192,629.6424869346963
445,631.1453405328864,630.1128339653251
446,631.5393370799592,630.7102333552043
447,631.6008956510565,631.1803628111871
448,632.1289082057125,631.4583504764668
449,633.1052101651715,631.9039383269571
450,631.4527438094566,631.9654189822711
451,631.2323109781431,631.904013761908
452,632.2272108051707,632.0292767927308
453,631.3847262989566,631.8804404113796
454,630.9190277793083,631.4432039342071
455,631.366025305997,631.4258602335152
456,630.7932922814566,631.3380564941779
457,630.6466226436346,631.0219388618707
458,630.8972111749625,630.9244358370718
459,630.9151541670503,630.9236611146202
460,631.3170409853846,630.9138642504977
461,633.0930845031645,631.3738226948393
462,632.013103435736,631.6471188532595
463,632.2850777544984,631.9246921691667
464,633.1023963879463,632.3621406133459
465,632.1688379732976,632.5325000109285
466,631.4621743816836,632.2063179866324
467,630.7553832403233,631.9547739475499
468,630.9201776442792,631.681793925506
469,630.1307061289457,631.087455873706
470,631.4875969711154,630.9512076732694
471,632.2272543303791,631.1042236630085
472,633.1829418061996,631.5897353761837
473,633.3347975789559,632.0726593631191
474,633.1356098939475,632.6736401161195
475,633.4679928265056,633.0697192871975
476,631.0741383003264,632.8390960811869
477,631.9501244103976,632.5925326020266
478,632.376021675058,632.4007774212471
479,630.1273558219685,631.7991266068512
480,629.7571256251329,631.0569531665767
481,634.9263685049597,631.8273992075034
482,632.6895250120295,631.9752793278298
483,634.4531949104808,632.3907139749142
484,636.548670974367,633.674977005394
485,636.1346897589966,634.9504898321668
486,637.6447613286738,635.4941683969095
487,637.1818073499468,636.392624864493
488,636.3870446655911,636.7793948155152
489,637.1774574594905,636.9051521125398
490,634.3746021353892,636.5531345878182
491,633.49158963774,635.7225002496315
492,632.2456063695975,634.7352600535617
493,632.2354429269064,633.9049397058247
494,630.6554438120313,632.6005369763328
495,630.2436242503949,631.774341399334
496,631.9435263109822,631.4647287339824
497,630.503187829007,631.1162450258644
498,630.7624899163857,630.8216544237602
499,629.345684746076,630.5597026105692
500,629.4629255558463,630.4035628716595
501,630.4417835440555,630.103214318274
502,628.8607532991988,629.7747274123125
503,629.4053240827039,629.5032942455762
504,629.7860458704616,629.5913664704533
505,629.6562736969422,629.6300360986725
506,629.0124111842798,629.3441616267173
507,629.8912739634026,629.550265759558
508,629.6357836905731,629.5963576811318
509,630.1388318424016,629.6669148755198
510,631.7389737288437,630.0834548819003
511,632.5823749625029,630.7974476375448
512,632.780077114504,631.3752082677651
513,633.5761076322847,632.1632730561074
514,633.4732988152426,632.8301664506756
515,634.9869872254973,633.4797691500063
516,631.1294156460091,633.1891772867075
517,630.0167294473225,632.6365077532712
518,631.5092923406002,632.2231446949343
519,631.7571021625567,631.8799053643971
520,631.2456980372666,631.1316475267511
521,631.5200821832881,631.2097808342069
522,635.9492874428997,632.3962924333222
523,634.1118605101673,632.9168060672357
524,634.2540817139036,633.4162019775051
525,633.9777987475103,633.9626221195538
526,632.0370140133389,634.066008485564
527,633.2451753149472,633.5251860599734
528,633.000555376818,633.3029250333036
529,634.0043508686487,633.2529788642526
530,632.1131215765846,632.8800434300674
531,632.3847164579379,632.9495839189873
532,631.1847431645531,632.5374974889085
533,631.445509400295,632.2264882936039
534,631.0505062219431,631.6357193642627
535,630.8794691838433,631.3889888857145
536,631.5364346173897,631.2193325176048
537,632.7559485948503,631.5335736036643
538,631.8856622974675,631.6216041830987
539,632.5229150167202,631.9160859420542
540,630.8996437924686,631.9201208637793
541,629.5169539178512,631.5162247238716
542,629.6211069456916,630.8892563940399
543,633.9670653398529,631.3055370025169
544,635.5072476146873,631.9024035221103
545,635.5124459856346,632.8249639607436
546,636.9467365405152,634.3109204852763
547,636.5872238305844,635.7041438622549
548,634.4672846425982,635.804187722804
549,635.3743459843627,635.7776073967391
550,636.3173985131223,635.9385979022366
551,635.2445313567061,635.5981568654747
552,633.1897440682948,634.9186609130168
553,632.6979755838236,634.5647991012618
554,631.9422405283491,633.8783780100591
555,632.1098782071143,633.0368739488576
556,633.1523626417086,632.6184402058581
557,632.6057550685628,632.5016424059116
558,632.3232764997886,632.4267025891046
559,630.4364175594443,632.1255379953237
560,629.7931404451296,631.6621904429267
561,630.8538626575895,631.202490446103
562,627.48039997601,630.1774194275924
563,629.5098785798463,629.614739843604
564,620.8448452733107,627.6964253863772
565,627.7797073261742,627.293738762586
566,627.1375994977348,626.5504861306151
567,624.9872068192168,626.0518474992565
568,627.8792361797373,625.7257190192347
569,624.8293366467232,626.5226172939172
570,622.8563349124793,625.5379428111783
571,622.8984928907178,624.6901214897749
572,622.9096140289671,624.2746029317249
573,621.712461304362,623.0412479566498
574,621.3166633776541,622.3387133028361
575,621.6098127975341,622.089408879847
576,618.8316808455377,621.276046470811
577,619.524727727907,620.599069210599
578,620.3151391693951,620.3196047836057
579,625.3319909456853,621.1226702972119
580,621.8092105553363,621.1625498487723
581,621.6478163846187,621.7257769565886
582,620.8230869140798,621.9854487938231
583,620.3550285444512,621.9934266688342
584,619.600082809989,620.8470450416951
585,619.0628289961277,620.2977687298533
586,621.6959902980856,620.3074035125467
587,622.0941282976306,620.5616117892567
588,623.799106690357,621.2504274184379
589,622.0935030546465,621.7491114673695
590,624.9321821612845,622.9229821004008
591,624.4318363607068,623.470151312925
592,626.8413852662126,624.4196027066415
593,619.205617397027,623.5009048479754
594,620.2704924868146,623.1363027344091
595,624.3376782352814,623.0174019492085
596,624.9148488961115,623.1140044562895
597,624.1800095349101,622.5817293100289
598,627.9244919505057,624.3255042207247
599,626.6588534621675,625.6031764157952
600,626.7611395153859,626.0878686718162
601,625.9577390045529,626.2964466935044
602,625.526085346164,626.5656618557553
603,623.4182813549905,625.6644197366521
604,628.1083179423306,625.9543126326847
605,629.4169355377918,626.485471837166
606,630.670476818312,627.4280193999177
607,632.563001018644,628.8354025344138
608,634.4614960681149,631.0440454770386
609,633.3751603543897,632.0974139594504
610,631.5896364196356,632.5319541358192
611,634.19558801478,633.2369763751128
612,634.792795716226,633.6829353146293
613,634.0882865031867,633.6082934016437
614,634.83067146155,633.8993956230757
615,634.9509264603512,634.5716536312187
616,636.9668883150663,635.1259136912761
617,635.9196911340628,635.3512927748434
618,637.832437909103,636.1001230560266
619,637.8661774319569,636.7072242501081
620,638.2678347760238,637.3706059132426
621,637.2225373765284,637.421735725535
622,635.5963522318416,637.3570679450906
623,637.879794361636,637.3665392355973
624,639.1669818407319,637.6267001173522
625,640.8502115254219,638.1431754672319
626,643.7850542345781,639.4556788388419
627,647.0447624974739,641.7453608919684
628,645.9562168566628,643.3606453909737
629,635.0522102727884,642.537691077385
630,632.9143367774608,640.9505161277928
631,634.4688736904632,639.0872800189698
632,632.0802604035116,636.0943796001773
633,637.5017465168513,634.4034855322151
634,637.1890074863459,634.8308449749265
635,640.5775963565424,636.3634968907429
636,640.5352988284179,637.5767819183337
637,640.9452506309149,639.3497799638145
638,641.3733573901518,640.1241021384745
639,641.5135544530746,640.9890115318203
640,648.2296983477501,642.519431930062
641,646.0792533461207,643.6282228336024
642,642.7090160371653,643.9809759148525
643,643.329665500397,644.3722375369016
644,643.476052850067,644.7647372163
645,641.5031116504266,643.4194198768353
646,641.075674774557,642.4187041625225
647,642.1825482226875,642.3134105996271
648,640.9629041358417,641.840058326716
649,642.3769372176224,641.6202352002271
650,643.2044857825916,641.9605100266601
651,641.9022264458176,642.125820360912
652,641.7959892842176,642.0485085732182
653,641.6721154587216,642.1903508377942
654,641.9865347082612,642.1122703359218
655,642.3273447298179,641.9368421253672
656,642.0284332235992,641.9620834809235
657,642.8621134338215,642.1753083108443
658,643.3713185562023,642.5151489303404
659,644.4318670694073,643.0042154025696
660,643.8183107623964,643.3024086090852
661,642.0085517522083,643.2984323148072
662,640.6839594505514,642.8628015181531
663,642.8252642063287,642.7535906481784
664,640.1039156774257,641.888000369782
665,639.6358444498737,641.0515071072775
666,637.8000637876648,640.2098095143689
667,638.5349721171325,639.7800120476852
668,638.4023305039842,638.8954253072162
669,639.1493726229039,638.7045166963119
670,640.7649390100522,638.9303356083476
671,641.2359034171193,639.6175035342385
672,642.8082580235485,640.4721607155217
673,645.6319654943205,641.9180877135889
674,646.091240601809,643.30646130937
675,644.1004506794501,643.9735636432495
676,647.9854201592983,645.3234669916852
677,645.2087552860688,645.8035664441893
678,643.951409267916,645.4674551989084
679,644.8697136436887,645.2231498072845
680,645.7596133608602,645.5549823435664
681,648.9449351808443,645.7468853478756
682,649.6374994934216,646.6326341893462
683,647.1812654690175,647.2786054295664
684,646.245929119039,647.5538485246366
685,646.673264867201,647.7365788259046
686,642.5060298654035,646.4487977628165
687,636.6409967320054,643.8494972105334
688,638.6442088898033,642.1420858946905
689,636.9985059241018,640.292601255703
690,636.7140629916667,638.3007608805962
691,637.5435826948524,637.308271446486
692,629.3434130292535,635.8487547059356
693,630.8434239130523,634.2885977105853
694,633.0901813169849,633.506932789162
695,637.2471594647434,633.6135520837772
696,640.2470555971117,634.1542466642292
697,639.367807063313,636.1591254710411
698,638.9897148279194,637.7883836540144
699,637.9544193353432,638.7612312576861
700,631.6282679764782,637.6374529600332
701,633.8633701765909,636.3607158759289
702,637.8012251958323,636.0473995024329
703,528.086072196849,613.8666709762188
704,527.8913028080145,591.854047670753
705,526.1916882259756,570.7667317206525
706,528.4005972388113,549.6741771330966
707,528.6132423462044,527.8365805631709
708,530.8468135245195,528.3887288287051
709,531.5888422807345,529.1282367232491
710,646.6239665920116,553.2146923964563
711,645.9591793910973,576.7264088269134
712,645.5637064706558,600.1165016518038
713,649.1722703281963,623.7815930125391
714,649.201231323399,647.3040708210721
715,651.3404956506602,648.2473766328018
716,653.8201630949708,649.8195733735763
717,654.9535168092449,651.6975354412941
718,652.9244389004574,652.4479691557465
719,650.400393935859,652.6878016782384
720,651.6579623467294,652.7512950174523
721,651.624601298898,652.3121826582377
722,536.7809028040705,628.6776598572028
723,538.4071686796557,605.7742058130425
724,537.6767777831162,583.229482582494
725,533.39035200251,559.5759605136501
726,535.7223719392135,536.3955146417131
727,535.1100628160376,536.0613466441066
728,532.6316809380453,534.9062490957846
729,533.7356618041774,534.1180258999968
730,529.6396301810807,533.3678815357109
731,528.7352721085449,531.9704615695772
732,524.916077313783,529.9316644691263
733,521.7546501754871,527.7562583166147
734,519.5106758276349,524.9112611213061
735,519.8431530891572,522.9519657029215
736,520.3814770657385,521.2812066943602
737,520.7125604340357,520.4405033184106
738,518.3602690935388,519.7616271020211
739,643.6582520223537,544.5911423409648
740,637.5375533402273,568.1300223911788
741,515.4375792984335,567.1412428377178
742,638.1755782120364,590.633846393318
743,634.3954452418134,613.8408816229728
744,636.3960690159456,612.3884450216913
745,632.8563139241373,611.4521971384731
746,523.1969124102498,613.0040637608365
747,524.6703495300719,590.3030180244436
748,521.2948966692069,567.6829083099223
749,516.3824707288129,543.6801886524958
750,640.6064768133418,545.2302212303367
751,635.4984506594291,567.6905288801725
752,633.4111236561822,589.4386837053946
753,629.6339510208211,611.1064945757174
754,624.0582742069107,632.641655271337
755,619.5227901810845,628.4249179448855
756,622.2759680575612,625.7804214245119
757,621.5765030378492,623.4134973008453
758,620.97986188832,621.6826794743452
759,620.8136893704055,621.033762507044
760,619.7438194397251,621.0779683587722
761,622.6378009053877,621.1503349283375
762,621.9929180051861,621.2336179218049
763,623.0795260758443,621.6535507593097
764,627.665181902103,623.0238492656492
765,627.4263021944466,624.5603458165936
766,632.1730287041504,626.4673913763461
767,638.9985358552128,629.8685149463515
768,642.1745510547034,633.6875199421232
769,640.680403836238,636.2905643289503
770,643.2403706459011,639.4533780192412
771,643.140963008395,641.6469648800901
772,640.2042268874623,641.8881030865399
773,643.6443472662978,642.1820623288588
774,643.258973273517,642.6977762163147
775,640.9539842208533,642.2404989313051
776,640.4922034232218,641.7107470142704
777,639.7069874893688,641.6112991346517
778,639.7168527690113,640.8258002351944
779,643.0494137753951,640.78388833557
780,646.2007203542978,641.833235562259
781,649.9385134151331,643.7224975606412
782,646.2481849133511,645.0307370454377
783,646.7068085657681,646.4287282047891
784,646.1511947738175,647.0490844044734
785,644.0793717550014,646.6248146846143
786,642.2893450776852,645.0949810171247
787,643.6195944829788,644.5692629310503
788,642.8560089397616,643.7991030058489
789,645.609615418934,643.6907871348723
790,648.8360575189653,644.642124287665
791,647.707375900694,645.7257304522667
792,647.4283164050344,646.4874748366778
793,647.9017085313959,647.4966147550047
794,648.5952500196773,648.0937416751534
795,649.8630221970651,648.2991346107733
796,650.9959705684435,648.9568535443233
797,651.4101373538193,649.7532177340802
798,650.7877817036408,650.3304323685292
799,651.8694039301696,650.9852631506277
800,651.7171558540751,651.3560898820297
801,651.5878734735807,651.4744704630571
802,650.8012967785379,651.3527023480008
803,651.9216736157795,651.5794807304286
804,649.3008258351836,651.0657651114313
805,651.008230550361,650.9239800506886
806,650.0339779406348,650.6132009440994
807,649.8549646058661,650.423934509565
808,652.2316876859749,650.485937323604
809,649.1565833216629,650.4570888208999
810,649.8414277875864,650.2237282683451
811,648.7863981888214,649.9742123179824
812,646.3771922534343,649.278657847496
813,648.0855902511387,648.4494383605287
814,648.8682876510595,648.3917792264081
815,649.4129819897274,648.3060900668363
816,649.0190052755911,648.3526114841901
817,650.3002049928432,649.137214032072
818,647.8216749547687,649.0844309727979
819,647.0289680286107,648.7165670483082
820,648.4453558887021,648.5230418281033
821,647.7724667427159,648.2737341215282
822,652.2709273500553,648.6678785929705
823,648.9944144732842,648.9024264966736
824,652.072070521759,649.9110469953033
825,652.1020375478275,650.6423833271284
826,650.544357891781,651.1967615569414
827,656.3141735490005,652.0054107967305
828,660.467399661586,654.3000078343908
829,655.5356745639388,654.9927286428267
830,656.7519530315461,655.9227117395706
831,660.5371140879397,657.9212629788022
832,658.4629972879941,658.3510277266009
833,658.142888606381,657.88612551556
834,657.5133527035598,658.2816611434841
835,658.8745432791346,658.7061791930018
836,658.7512415941895,658.3490046942518
837,657.9726107612166,658.2509273888963
838,658.5192663429364,658.3262029362073
839,660.2914523348114,658.8818228624577
840,660.1767378926093,659.1422617851526
841,658.7044174195332,659.1328969502213
842,658.8224146208622,659.3028577221505
843,658.3421646851931,659.2674373906018
844,658.548495296224,658.9188459828844
845,657.6203766066225,658.4075737256869
846,655.8588349396539,657.8384572297111
847,655.7208094393978,657.2181361934183
848,654.9565031541596,656.5410038872117
849,651.9865247698037,655.2286097819275
850,652.9019040461953,654.284915269842
851,646.8267859251077,652.4785054669328
852,645.0688908097397,650.3481217410013
853,648.0893222702084,648.974685564211
854,648.0372222819941,648.1848250666492
855,649.8998015707446,647.5844045715589
856,652.6008442393056,648.7392162343986
857,648.2365834096668,649.3727547543838
858,650.9103843173507,649.9369671638124
859,646.6965995633122,649.6688426200759
860,647.2690547530448,649.1426932565361
861,650.777894046947,648.7781032180643
862,650.1421646746487,649.1592194710607
863,649.7022345463538,648.9175895168613
864,651.8812520070802,649.9545200056149
865,649.788852249506,650.4584795049071
866,649.7410914894797,650.2511189934137
867,652.586690361584,650.7400241308007
868,652.4536691601396,651.2903110535578
869,652.6990888798894,651.4538784281197
870,651.6201791040527,651.820143799029
871,648.9719547813132,651.6663164573959
872,650.4954523786797,651.2480688608149
873,650.4002946592041,650.8373939606279
874,651.4770889483656,650.592993974323
875,653.0056962168317,650.8700973968789
876,653.3288640292509,651.7414792464664
877,654.6075117611454,652.5638911229596
878,652.1656152310727,652.9169552373332
879,651.8391732027907,652.9893720882183
880,649.389781681095,652.2661891810709
881,650.4132829896242,651.6830729731456
882,643.5587067107776,649.4733119630721
883,641.9723977194136,647.4346684607402
884,642.5778023356618,645.5823942873145
885,642.4103923949768,644.1865164300908
886,642.089452600249,642.5217503522157
887,642.8655146182889,642.383111933718
888,640.78947138582,642.1465266669993
889,639.8175067301767,641.5944675459024
890,640.7905569947408,641.2705004658551
891,640.0198985362849,640.8565896530623
892,640.262987552271,640.3360842398587
893,640.276508535877,640.2334916698701
894,639.818849011149,640.2337601260646
895,640.7891014723114,640.2334690215787
896,640.973557426051,640.424200799532
897,640.5270832644924,640.4770199419761
898,641.2891088146524,640.6795399977312
899,639.8570405542565,640.6871783063527
900,636.4615559277481,639.8216691974401
901,636.1655386769589,638.8600654476217
902,636.3075687211858,638.0161625389603
903,635.136608750813,636.7856625261925
904,637.7260601780155,636.3594664509443
905,639.4437670760913,636.9559086806129
906,639.4765797883558,637.6181169028923
907,639.7696329932039,638.3105297572959
908,642.6471914817033,639.8126463034739
909,641.2804755492898,640.5235293777289
910,641.405816695223,640.9159393015552
911,640.2025890521538,641.0611411543148
912,639.9113185389696,641.089478263468
913,639.7380180630771,640.5076435797426
914,639.5189147052603,640.1553314109367
915,638.6595426801839,639.606076607929
916,639.7499301305623,639.5155448236106
917,640.5163567535209,639.6365524665209
918,636.8986858957361,639.0686860330527
919,636.8615362494987,638.5372103419004
920,638.2592936996335,638.4571605457902
921,637.8077829563184,638.0687311109416
922,640.2366273836016,638.0127852369576
923,639.7214933929707,638.5773467364046
924,640.5053452881663,639.306108544138
925,638.8008280338463,639.4144154109806
926,638.4321391075848,639.539286641234
927,638.3338223022705,639.1587256249677
928,638.9555401250317,639.0055349713799
929,638.5010354756643,638.6046730088796
930,637.447455939426,638.3339985899954
931,637.8192727319379,638.211425314866
932,638.9504207963984,638.3347450136916
933,637.6381072392769,638.0712584365407
934,638.3403420466741,638.0391197507427
935,638.0346200992861,638.1565525827148
936,639.3228811649997,638.4572742693271
937,642.1646866035217,639.1001274307516
938,642.0049395173363,639.9734938863636
939,641.159422323624,640.5373099417536
940,642.5630592513136,641.4429977721591
941,642.8380565181266,642.1460328427844
942,644.3621538165114,642.5855262853823
943,644.6558081298579,643.1157000078866
944,645.4065293790909,643.9651214189801
945,644.2922003110742,644.3109496309322
946,642.9135279503893,644.3260439173848
947,642.2184721475127,643.897307583585
948,640.3435948893177,643.034864935477
949,641.1764880646937,642.1888566725976
950,637.9485096920337,640.9201185487893
951,639.3651426213935,640.2104414829903
952,643.8365701574139,640.5340610849705
953,645.1067340774968,641.4866889226063
954,644.789193389598,642.2092299875872
955,644.0691803225362,643.4333641136877
956,642.4373407594602,644.047803741301
957,640.1697252258973,643.3144347549976
958,641.0735758708637,642.5078031136711
959,640.2025525203002,641.5904749398115
960,640.6008896694871,640.8968168092017
961,640.5743106992413,640.5242107971578
962,640.094267043593,640.509119160697
963,641.3960650464194,640.5736169958083
964,640.9727355028183,640.7276535923118
965,641.3355694702576,640.874589552466
966,641.7954213101372,641.118811674645
967,642.4616993616638,641.5922981382594
968,640.5823231000952,641.4295497489944
969,640.6331266711471,641.3616279826603
970,641.2995097616049,641.3544160409297
971,641.839499420841,641.3632316630705
972,642.9578909327766,641.462469977293
973,642.7514586735886,641.8962970919916
974,642.6506932444959,642.2998104066613
975,641.8357234214366,642.4070531386277
976,643.3485453939222,642.708862333244
977,643.3443013872845,642.7861444241455
978,644.7825575406515,643.1923641975582
979,641.4045154766732,642.9431286439936
980,642.8629554145042,643.148575042607
981,643.020742928343,643.0830145494913
982,644.0889853869467,643.2319513494238
983,644.3542886070101,643.1462975626954
984,644.6256654535995,643.7905275580807
985,643.5837041942905,643.934677314038
986,645.1645889365329,644.3634465156758
987,645.5539976469918,644.6564489676849
988,646.5193662812815,645.0894645025393
989,644.8173946162866,645.1278103350767
990,646.5527228773932,645.7216140716971
991,644.681132541442,645.624922792679
992,647.1258423551906,645.9392917343188
993,646.934529702546,646.0223244185717
994,645.295329396363,646.1179113745869
995,647.3431876668246,646.2760043324732
996,648.3102059405535,647.0018190122955
997,645.778601543425,646.7323708499424
998,646.7551757303546,646.6965000555041
999,648.2077673971258,647.2789876556567
1000,642.7687146022063,646.364093042733
1001,646.3621704491268,645.9744859444478
1002,648.2106672602047,646.4608990878036
1003,646.1765460167163,646.3451731450759
1004,646.9219672084937,646.0880131073496
1005,644.5283163178465,646.4399334504776
1006,644.3488845690371,646.0372762744596
1007,646.6197103451399,645.7190848914468
1008,645.5458863718479,645.592952962473
1009,645.2786752909525,645.2642945789647
1010,642.9681975735127,644.9522708300981
1011,644.4983242359639,644.9821587634834
1012,643.7005958125314,644.3983358569617
1013,642.1113640933252,643.7114314012572
1014,644.3282131363908,643.5213389703447
1015,644.7959956539587,643.886898586434
1016,645.7700824369377,644.1412502266287
1017,646.6262130503555,644.7263736741936
1018,647.6888821470583,645.8418772849402
1019,645.0381642003154,645.9838674977252
1020,647.1182736164785,646.4483230902291
1021,646.022505727236,646.4988077482888
1022,645.4887676012147,646.2713186584606
1023,644.3409867759682,645.6017395842425
1024,643.676552961564,645.3294173364923
1025,645.7728594280982,645.0603344988162
1026,645.5015450821265,644.9561423697944
1027,645.5872119132915,644.9758312322097
1028,645.7671686254835,645.2610676021127
1029,648.3240415281999,646.1905653154399
1030,645.2333416063211,646.0826617510845
1031,656.5328456386718,648.2889218623935
1032,657.0186872460663,650.5752169289485
1033,676.4608312722982,656.7139494583114
1034,662.6919172041662,659.5875245935047
1035,663.7426413737711,663.2893845469947
1036,652.9896902865196,662.5807534765643
1037,649.7721699567608,661.1314500187032
1038,649.1478786034975,655.6688594849431
1039,649.5364302881554,653.0377621017409
1040,646.2524099576583,649.5397158185184
1041,647.6775530548114,648.4772883721766
1042,646.3753120748182,647.7979167957882
1043,646.3630787838044,647.2409568318495
1044,646.9435367216232,646.7223781185431
1045,647.9489277547128,647.0616816779541
1046,655.2096328871421,648.5680976444202
1047,653.2664399076167,649.9463232109798
1048,647.1490473241322,650.1035169190454
1049,639.8509436960621,648.6849983139332
1050,642.3165724306976,647.5585272491302
1051,626.355950387825,641.7877907492668
1052,636.9708995680402,638.5286826813515
1053,637.0313495102654,636.5051431185781
1054,634.8108409696251,635.4971225732907
1055,635.4377994040419,634.1213679679595
1056,634.0578557043467,635.6617490312639
1057,635.3401516273813,635.3355994431321
1058,636.0359532619033,635.1365201934598
1059,634.1603347247006,635.0064189444748
1060,640.5686307656371,636.0325852167938
1061,643.8099918901771,637.9830124539599
1062,648.1222371648554,640.5394295614548
1063,648.8682299738143,643.105884903837
1064,646.2195326248841,645.5177244838735
1065,646.6104507633139,646.726088483409
1066,644.5036851139693,646.8648271281675
1067,644.7865343116888,646.1976865575341
1068,643.6509101976329,645.1542226022978
1069,640.764839717134,644.0632840207478
1070,641.4462844916397,643.030450766413
1071,642.1239407232624,642.5545018882715
1072,639.1822584897759,641.433646723889
1073,638.1621466338476,640.3358940111318
1074,656.0529184857163,643.3935097648484
1075,638.7094928255674,642.8461514316339
1076,653.8900251312712,645.1993683132357
1077,649.3776866832446,647.2384539519295
1078,647.083997908683,649.0228242068965
1079,646.8225545872909,647.1767514272115
1080,646.37752428105,648.7103577183079
1081,642.098717694477,646.3520962309492
1082,642.6238275892523,645.0013244121508
1083,640.6043543187393,643.705395694162
1084,634.102611928026,641.1614071623089
1085,636.3982204062853,639.165546387356
1086,637.9144170785895,638.3286862641785
1087,631.1113151091247,636.026183768153
1088,634.1272743667305,634.7307677777511
1089,634.1510625627725,634.7404579047004
1090,639.2078074840256,635.3023753202485
1091,640.8737938407804,635.8942506726868
1092,641.0355788961955,637.8791034301008
1093,640.6236118709767,639.17837093095
1094,642.5919070181725,640.8665398220301
1095,640.598273169886,641.1446329592021
1096,640.5622329821595,641.082320787478
1097,641.9267293420976,641.2605508766585
1098,641.2627461704853,641.3883777365602
1099,643.8095582092918,641.6319079747841
1100,643.3666574279783,642.1855848264024
1101,642.3906312980607,642.5512644895828
1102,641.3622479737942,642.4383682159221
1103,643.6625281289581,642.9183246076166
1104,639.1590071618182,641.988214398122
1105,639.7225581249095,641.2593945375081
1106,637.9462520306242,640.3705186840209
1107,643.181439309742,640.7343569512104
1108,645.1639996285651,641.0346512511318
1109,642.3087413481053,641.6645980883892
1110,643.0893102573862,642.3379485148846
1111,643.6307235549777,643.4748428197552
1112,643.6284248529734,643.5642399284015
1113,643.9355138624828,643.318542775185
1114,645.9893879006088,644.0546720856858
1115,645.4131675727895,644.5194435487664
1116,643.7032608345171,644.5339510046743
1117,645.1312583753648,644.8345177091526
1118,644.9163818749311,645.0306913116423
1119,646.2730572036901,645.0874251722586
1120,645.5746683688902,645.1197253314787
1121,647.6387576351245,645.9068246916001
1122,648.2775991898634,646.5360928544999
1123,648.9079871698349,647.3344139134806
1124,649.8270156227633,648.0452055972953
1125,650.6562645771658,649.0615248389504
1126,662.7984235110339,652.0934580141322
1127,659.2392752086677,654.285793217893
1128,656.8082077393389,655.865837331794
1129,654.6002942896905,656.8204930651793
1130,653.7195860558762,657.4331573609214
1131,653.910132876824,655.6554992340795
1132,653.4003325747639,654.4877107072987
1133,657.4725783200882,654.6205848234486
1134,667.7040734360108,657.2413406527127
1135,647.2169096211645,655.9408053657703
1136,641.4279286854468,653.4443645274948
1137,639.1615354543665,650.5966051034154
1138,635.6680161357264,646.235692666543
1139,637.7047129996523,640.2358205792713
1140,641.5836134718669,639.1091613494117
1141,642.9863549590201,639.4208466041264
1142,644.3278761039165,640.4541147340365
1143,644.9689103268145,642.3142935722541
1144,645.5389897708391,643.8811489264914
1145,645.0499810782642,644.5744224477709
1146,646.5583347793336,645.2888184118335
1147,648.4742193580873,646.1180870626677
1148,644.264774974334,645.9772599921716
1149,648.1510967311115,646.499681384226
1150,647.0289924969162,646.8954836679566
1151,645.993204332045,646.7824575784989
1152,646.1999483247122,646.3276033718237
1153,644.2834546843378,646.3313393138245
1154,640.5474988568274,644.8106197389677
1155,645.6855048235068,644.5419222042858
1156,644.4957135951984,644.2424240569164
1157,645.5401912764726,644.1104726472686
1158,640.6381647543159,643.3814146612642
1159,640.4026194152693,643.3524387729525
1160,640.7203602951776,642.3594098672868
1161,640.7636474872442,641.6129966456958
1162,641.5189965478321,640.8087576999678
1163,641.8650202502588,641.0541287991564
1164,641.8214826889359,641.3379014538898
1165,641.1953325479891,641.432895904452
1166,641.0892834811199,641.4980231032272
1167,641.1782322172961,641.42987023712
1168,642.1762076246738,641.4921077120031
1169,641.9268798364451,641.5131871415048
1170,641.2033724237093,641.5147951166489
1171,646.0216953205894,642.5012774845428
1172,641.2283768099848,642.5113064030804
1173,646.7762964173862,643.431324161623
1174,647.1799959629215,644.4819473869181
1175,646.6285868808263,645.5669902783417
1176,647.0397217269476,645.7705955596133
1177,646.5028271659019,646.8254856307967
1178,645.5403615758449,646.5782986624885
1179,645.1950565666185,646.1813107832279
1180,643.8628002048727,645.6281534480371
1181,642.5867819813582,644.7375654989194
1182,645.4138309059816,644.5197662469352
1183,644.8829914199551,644.3882922157572
1184,644.9115587650916,644.3315926554518
1185,641.4526709016861,643.8495667948146
1186,642.8504030159359,643.90229100173
1187,645.5098358645108,643.9214919934359
1188,645.6761592774106,644.0801255649269
1189,645.6821151971858,644.2342368513458
1190,646.3835984562695,645.2204223622625
1191,644.9491353946231,645.6401688379999
1192,643.5806914813639,645.2543399613706
1193,642.59163363136,644.6374348321605
1194,642.4340304999382,643.987817892711
1195,642.8673400179966,643.2845662050564
1196,644.4392029581027,643.1825797177522
1197,644.0054125334761,643.2675239281747
1198,644.2733517854028,643.6038675589832
1199,645.3479370988521,644.186648878766
1200,643.4558969658249,644.3043602683317
1201,643.6641846454223,644.1493566057956
1202,645.3556852655679,644.419411152214
1203,640.8150546487157,643.7277517248765
1204,636.4887993750312,641.9559241801124
1205,633.1269943702559,639.8901436609987
1206,629.970046475093,637.1513160269327
1207,637.2853120515464,635.5372413841285
1208,645.2805647076523,636.4303433959158
1209,644.9987309749049,638.1323297158905
1210,641.6074468833126,639.8284202185018
1211,646.4080554908165,643.1160220216466
1212,640.9368080119805,643.8463212137334
1213,637.5986081673327,642.3099299056694
1214,638.6606707916067,641.0423178690098
1215,639.8191288227756,640.6846542569024
1216,646.3399940306849,640.671041964876
1217,637.4796106284194,639.9796024881638
1218,636.6994860915979,639.7997780730168
1219,636.0149731106288,639.2706385368213
1220,625.8966075313605,636.4861342785383
1221,634.4935666718445,634.1168488067702
1222,644.2545148813507,635.4718296573565
1223,648.1789730588175,637.7677270508004
1224,649.5464874251502,640.4740299137047
1225,640.6237181641075,643.4194520402541
1226,,645.6509233823565
1227,641.9685133503854,645.0794229996152
1228,641.1258010154886,643.3161299887829
1229,642.5444244553818,641.5656142463408
1230,638.7705838172742,641.1023306596325
1231,641.3161433783926,641.1450932033845
1232,640.3832607931507,640.8280426919375
1233,632.2989046861923,639.0626634260783
1234,,638.1922231687524
1235,,637.9994362859119
1236,668.4485513973581,647.0435722922338
1237,643.5422565710858,648.0965708848787
1238,643.9984796174183,651.9964291952873
1239,635.8617792716814,647.9627667143859
1240,,647.9627667143859
1241,,641.1341718200619
1242,640.4425949984862,640.100951295862
1243,644.1568045409044,640.1537262703573
1244,642.1723493991502,642.2572496461803
1245,641.0964256462786,641.9670436462048
1246,643.7615128533831,642.3259374876404
1247,633.6015453878636,640.9577275655159
1248,644.6626287038041,641.058892398096
1249,,640.7805281478323
1250,647.8998756335277,642.4813906446446
1251,649.4934108974808,643.914365155669
1252,658.5066907964901,650.1406515078256
1253,650.0847456010222,651.4961807321301
1254,645.9552680676868,650.3879981992416
1255,646.4153423839626,650.0910915493284
1256,644.8331450388708,649.1590383776065
1257,,646.8221252728856
1258,,645.7345851635067
1259,,645.6242437114167
1260,,644.8331450388708
1261,663.7705664825448,663.7705664825448
1262,665.0829581889697,664.4267623357573
1263,666.0395824028644,664.964369024793
1264,668.0199984335088,665.728276376972
1265,636.4944773544556,659.8815165724687
1266,675.4940396897699,662.2262112139136
1267,677.0183955913313,664.613298694386
1268,624.1427826926034,656.2339387523339
1269,677.7331942899743,658.1765779236268
1270,682.2655452230717,667.3307914973502
1271,677.0046789353232,667.6329193464609
1272,675.3386707140951,667.2969743710136
1273,,678.085522290616
1274,,678.2029649574966
1275,638.6984775139322,663.6806090544501
1276,630.726988975234,648.2547124010871
1277,625.8273869834971,631.7509511575545
1278,621.9604620803269,629.3033288882476
1279,621.2240226560705,627.6874676418122
1280,624.4130764723242,624.8303874334906
1281,624.3587163306831,623.5567329045804
1282,625.7404398520804,623.539343478297
1283,627.1600233406775,624.5792557303671
1284,652.942856710062,630.9230225411654
1285,654.3624093346135,636.9128891136234
1286,658.2418328775059,643.689512422988
1287,677.3743601804059,654.016296488653
1288,673.2727089917436,663.2388336188662
1289,671.3523096271751,666.9207242022887
1290,669.5670260192894,669.961647539224
1291,663.2490512447149,670.9630912126659
1292,667.0179208686695,668.8918033503185
1293,664.1803246505144,667.0733264820726
1294,668.7960903039847,666.5620826174346
1295,667.4317278910827,666.1350229917932
1296,663.5436372065511,666.1939401841604
1297,672.0877993270226,667.2079158758311
1298,670.0848287191043,668.3888166895491
1299,667.4027770671008,668.1101540421723
1300,663.7119331858145,667.3661951011187
1301,661.3308629264446,666.9236402450973
1302,675.3520060457199,667.5764815888368
1303,675.7106595222739,668.7016477494708
1304,666.9604854021582,668.6131894164822
1305,674.2561552767891,670.7220338346772
1306,677.2511255409788,673.906086357584
1307,670.8188195546865,672.9994490593773
1308,673.8091461677293,672.6191463884684
1309,676.4092317492745,674.5088956578916
1310,679.4530089931611,675.5482664011661
1311,679.5812817317882,676.0142976393279
1312,679.4743846310663,677.7454106546038
1313,677.6311033402153,678.5098020891012
1314,655.3245836931969,674.2928724778856
1315,674.8557783425518,673.3734263477637
1316,654.2710307703046,668.3113761554671
1317,647.7900532264931,661.9745098745523
1318,667.3362585437627,659.9155409152618
1319,643.4666212161947,657.5439484198614
1320,669.7795744542672,656.5287076422044
1321,671.104199488742,659.8953413858919
1322,674.9522266465774,665.3277760699087
1323,676.2389312810012,667.1083106173566
1324,673.3157415944078,673.0781346929991
1325,673.5796059860784,673.8381409993614
1326,673.4866910710211,674.3146393158172
1327,675.5601048852327,674.4362149635483
1328,675.3111885755904,674.250666422466
1329,676.0087135306435,674.7892608097133
1330,676.1181912786768,675.296977868233
1331,679.3409229356713,676.467824241163
1332,682.6156008656021,677.8789234372368
1333,681.8078586913668,679.178257460392
1334,680.8380158777003,680.1441179298034
1335,678.8931814860041,680.699115971269
1336,679.1792345761991,680.6667782993744
1337,676.7561931401857,679.4948967542912
1338,675.997080708237,678.3327411576653
1339,675.2263049821022,677.2103989785456
1340,674.7337161486814,676.3785059110811
1341,676.7184618020759,675.8863513562565
1342,676.9473205214778,675.9245768325148
1343,678.056091117038,676.3363789142751
1344,680.8400585768035,677.4591296332153
1345,681.5178003210239,678.8159464676838
1346,683.6502893564776,680.2023119785641
1347,680.1331603972374,680.8394799537161
1348,680.1049434875712,681.2492504278227
1349,681.5712348099139,681.3954856744448
1350,681.5038059485388,681.3926867999478
1351,683.3347174137207,681.3295724113965
1352,680.7308841602166,681.4491171639922
1353,683.8057085859551,682.189270183669
1354,680.1059258285436,681.8962083873951
1355,677.7405376451135,681.1435547267099
1356,682.3023953516097,680.9370903142877
1357,678.7896239925357,680.5488382807514
1358,678.2560370933679,679.438903982234
1359,671.8714691887988,677.7920126542851
1360,677.2541591374707,677.6947369527566
1361,674.0663318253279,676.0475242475002
1362,672.8599299432308,674.8615854376392
1363,667.2589489354248,672.6621678060507
1364,668.0335389466886,671.8945817576284
1365,662.1373188743077,668.8712137049959
1366,658.1698654712873,665.6919204341878
1367,649.4022582768847,661.0003861009186
1368,650.2638584413789,657.6013680021094
1369,649.0875251466936,653.8121652421104
1370,652.769365986651,651.9385746645792
1371,650.6821402790251,650.4410296261267
1372,645.8709199280556,649.7347619563609
1373,649.9428182554346,649.670553919172
1374,651.830781724659,650.2192052347651
1375,653.6643496881849,650.3982019750719
1376,654.1340325166987,651.0885804226066
1377,657.0032715642832,653.315050749852
1378,657.0769280330127,654.7418727053677
1379,658.2484260505457,656.0254015705451
1380,658.4640697117035,656.9853455752487
1381,659.3238277136579,658.0233046146407
1382,655.3961966171105,657.701889625206
1383,654.7596006927716,657.2384241571579
1384,653.2878842327792,656.2463157936045
1385,654.9449952057028,655.5425008924044
1386,655.713137026969,654.8203627550666
1387,656.0998608468715,654.9610956010189
1388,657.6949918614185,655.5481738347482
1389,656.6373056878438,656.2180581257611
1390,655.3073474075139,656.2905285661234
1391,652.6888651657221,655.685674193874
1392,653.8851209635005,655.2427262171998
1393,653.2397565683088,654.3516791585778
1394,653.9529832730802,653.8148146756251
1395,653.4010945220333,653.4335640985289
1396,657.1792646901532,654.3316440034152
1397,658.2781684300676,655.2102534967287
1398,659.7722569817689,656.5167535794207
1399,660.9649463540668,657.9191461956179
1400,658.7071364418405,658.9803545795794
1401,659.8904013860321,659.5225819187551
1402,659.2390140355864,659.7147510398588
1403,660.1546310101198,659.7912258455292
1404,661.5641921923511,659.9110750131861
1405,661.6826284848565,660.5061734217891
1406,660.7497656766815,660.678046279919
1407,662.6964771668141,661.3695389061646
1408,663.8053906979515,662.099690843731
1409,663.8473239824026,662.5563172017412
1410,662.0050156289374,662.6207946305574
1411,661.8879158016267,662.8484246555464
1412,662.4751093811168,662.8041510984069
1413,661.8650391094684,662.4160807807104
1414,662.2236838703193,662.0913527582937
1415,658.9729724533609,661.4849441231784
1416,659.1595459351649,660.939270149886
1417,659.322837878028,660.3088158492683
1418,658.376119447574,659.6110319168895
1419,657.5731848250974,658.680932107845
1420,658.4456556256497,658.5754687423029
1421,659.9606829052599,658.7356961363218
1422,657.0342402605557,658.2779766128274
1423,656.856016997169,657.9739561227464
1424,657.4286727771605,657.945053713159
1425,659.1133883882842,658.0786002656858
1426,656.3228612987724,657.3510359443884
1427,661.4594697262754,658.2360818375323
1428,663.4294595452063,659.5507703471397
1429,666.2351171489064,661.3120592214889
1430,668.8249865212124,663.2543788480746
1431,660.4774745719318,664.0853015027064
1432,663.2076261000362,664.4349327774586
1433,659.9461325497656,663.7382673783706
1434,659.1071932896585,662.3126826065209
1435,658.232505261501,660.1941863545787
1436,657.647547591152,659.6282009584227
1437,658.1290921265227,658.6124941637199
1438,659.7599822264862,658.575264099064
1439,670.1888894864106,660.7916033384145
1440,670.1998967437054,663.1850816348554
1441,670.5783043275844,665.7712329821418
1442,671.3888835132573,668.4231912594888
1443,674.2052555306258,671.3122459203166
1444,668.0820602574589,670.8908800745264
1445,663.2235039949119,669.4956015247676
1446,660.1237641079402,667.4046934808388
1447,652.7351000648753,663.6739367911624
1448,649.8618720227578,658.8052600895887
1449,652.9672881015848,655.7823056584141
1450,647.3246991375594,652.6025446869435
1451,652.358030138998,651.0493978931551
1452,658.9523571530408,652.2928493107881
1453,656.4266880787986,653.6058125219963
1454,648.815614076467,652.7754777169728
1455,649.7970859822661,653.269955085914
1456,661.2100983294536,655.0403687240052
1457,649.8355630355155,653.2170099005001
1458,646.8724200464312,651.3061562940268
1459,644.9916736950248,650.5413682177383
1460,646.1337345266849,649.808697926622
1461,643.6187325990261,646.2904247805366
1462,646.2185656314551,645.5670252997245
1463,647.0170121633067,645.5959437230995
1464,646.085798152199,645.8147686145343
1465,649.5581905436416,646.4996598179257
1466,656.3541124517728,649.0467357884751
1467,652.6757810058024,650.3381788633444
1468,655.7121461726204,652.0772056652072
1469,654.5165102495862,653.7633480846846
1470,655.9900664603709,655.0497232680306
1471,654.0316773777598,654.585236253228
1472,652.3223548146754,654.5145510150026
1473,651.8533731871914,653.7427964179167
1474,652.7594403639529,653.39138244079
1475,652.1061454649363,652.6145982417031
1476,651.8793262330681,652.1841280127649
1477,656.699957902424,653.0596486303145
1478,657.2052012812692,654.1300142491301
1479,656.1148303876216,654.8010922538639
1480,655.8277750572186,655.5454181723204
1481,656.8899191403237,656.5475367537714
1482,657.5946520471713,656.7264755827209
1483,657.7327646326981,656.8319882530067
1484,658.0919306515866,657.2274083057997
1485,656.349236204491,657.3317005352541
1486,656.2610527787645,657.2059272629424
1487,655.6335378262106,656.8137044187501
1488,655.174706168951,656.3020927260008
1489,654.2665310990275,655.5370128154889
1490,653.0069010650469,654.8685457876002
1491,651.1127665265751,653.8388885371621
1492,649.8470600388381,652.6815929796877
1493,651.8274424654322,652.012140238984
1494,654.1792952357472,651.994693066328
1495,654.5816717729125,652.3096472079011
1496,656.7318001981257,653.4334539422113
1497,653.7782930336795,654.2197005411795
1498,656.2427922160626,655.1027704913055
1499,653.9384971577059,655.0546108756972
1500,653.3524509963614,654.808766720387
1501,653.766599859005,654.2157266525628
1502,650.3019809122165,653.5204642282703
1503,654.4327288753194,653.1584515601218
1504,653.4097214971071,653.0526964280019
1505,653.4664181934885,653.0754898674273
1506,653.924862314314,653.1071423584892
1507,654.5474304624757,653.9562322685409
1508,655.5017985686563,654.1700462072083
1509,654.6395177052301,654.416005448833
1510,654.6576903259088,654.6542598753169
1511,653.2683158925532,654.5229505909649
1512,652.0174397892436,654.0169524563183
1513,656.4294007048112,654.2024728835493
1514,650.6961785964729,653.4138050617979
1515,655.2736757425715,653.5370021451305
1516,649.4575866532456,652.774856297269
1517,654.480000642252,653.2673684678706
1518,650.2563592693039,652.0327601807692
1519,654.1116181087041,652.7158480832154
1520,648.1777688872363,651.2966667121484
1521,652.5745717389907,651.9200637292973
1522,647.3398492317764,650.4920334472023
1523,644.9560234189419,649.4319662771298
1524,649.2043065292687,648.4505039612428
1525,651.1173120496566,649.0384125937269
1526,652.0575568385201,648.9350096136328
1527,649.8438778741845,649.4358153421143
1528,650.5311689137535,650.5508444410767
1529,652.8566154354602,651.2813062223149
1530,653.1832452449622,651.694492861376
1531,654.3242004245969,652.1478215785914
1532,654.4859456309923,653.076235129953
1533,654.2031020281091,653.8106217528242
1534,653.3036177845447,653.9000222226412
1535,653.7125024894422,654.0058736715371
1536,653.4286149189602,653.8267565704098
1537,654.8355886319208,653.8966851705954
1538,653.3490423141183,653.7258732277971
1539,651.9525975484104,653.4556691805703
1540,650.1194129753197,652.7370512777459
1541,654.9291000631906,653.0371483065919
1542,652.675952836619,652.6052211475317
1543,652.3444307529488,652.4042988352978
1544,652.8950222807773,652.5927837817711
1545,652.505953176932,653.0700918220936
1546,652.3515417539202,652.5545801602395
1547,651.7378501684433,652.3669596266043
1548,652.668270467906,652.4317275695958
1549,654.9074598042419,652.8342150742886
1550,652.3803266229233,652.8090897634869
1551,652.546269079441,652.8480352285911
1552,653.3043448031101,653.1613341555245
1553,654.484657674251,653.5246115967934
1554,654.5307049052965,653.4492606170045
1555,654.0383268493142,653.7808606622826
1556,655.0477147297444,654.2811497923433
1557,654.2869947012199,654.4776797719652
1558,654.3257968970531,654.4459076165256
1559,654.6894895662341,654.477664548713
1560,657.0505713945986,655.0801134577699
1561,656.8073768142431,655.4320458746697
1562,655.8710552602721,655.7488579864802
1563,656.5756595493988,656.1988305169493
1564,656.7485901520618,656.6106506341149
1565,656.1231656216544,656.425169479526
1566,657.6563222984179,656.594958576361
1567,655.5352649592571,656.5278005161579
1568,655.9841481300006,656.4094982322783
1569,655.3116493127775,656.1221100644215
1570,654.7376468926325,655.8450063186172
1571,651.758431768207,654.6654282125749
1572,651.859917799797,653.9303587806828
1573,652.9211837043779,653.3177658955583
1574,648.3862459415529,651.9326852213135
1575,644.7454150873584,649.9342388602587
1576,645.124470193348,648.6074465452868
1577,636.8505136842629,645.60556572218
1578,634.2915243252876,641.8796338463619
1579,630.7801504002507,638.3584147381015
1580,628.32775730694,635.0748831820177
1581,628.4588423374811,631.7417576108444
1582,623.2400524157442,629.0196653571408
1583,622.128653612788,626.5870912146409
1584,615.1835029660522,623.4677617278011
1585,615.1995173792985,620.8421137422728
1586,609.1727995668309,616.9849051881428
1587,603.3272877874259,613.0023522624791
1588,603.1794570917598,609.2125129582735
1589,600.9068394787677,606.3571802608166
1590,599.4610440459664,603.2094855941502
1591,599.4191666876342,601.2587590183108
1592,596.320860826064,599.8574736260383
1593,595.4901607955903,598.3196143668044
1594,596.652563854791,597.4687592420091
1595,592.184413194919,596.0134330717997
1596,593.4705304291199,594.8237058200968
1597,593.2072345746163,594.2009805698074
1598,592.0571319474501,593.5143748001793
1599,595.5674669186748,593.297355412956
1600,597.3897080116121,594.3384143762946
1601,593.936283112528,594.4315649129763
1602,595.0632203444338,594.8027620669397
1603,597.9442566386899,595.9801870051876
1604,598.6095081520888,596.5885952518705
1605,599.1645444576658,596.9435625410813
1606,600.8464836196689,598.3256026425095
1607,603.9954604374733,600.1120506611173
1608,603.8047267741694,601.2841446882132
1609,606.0276672242207,602.7677765026395
1610,611.04248941142,605.1433654933905
1611,616.9626699902112,608.3666027674989
1612,624.6055090321433,612.4886124864329
1613,629.3940901737909,617.6064851663573
1614,637.6225052619278,623.9254527738987
1615,642.4198063991187,630.2009161714384
1616,660.6661567570061,638.9416135247974
1617,665.5640700605229,647.1333257304733
1618,668.7731380960104,655.0091353149171
1619,669.0368807849668,661.2920104195249
1620,670.7798813869492,666.9640254170911
1621,672.5798652886779,669.3467671234255
1622,666.7426145365646,669.5824760186338
1623,671.5340532913136,670.1346590576944
1624,673.8326724368944,671.09381738808
1625,675.2098450561689,671.9798101219238
1626,678.2750356986763,673.1188442039236
1627,676.1873196053278,675.0077852176762
1628,681.9962404887843,677.1002226571703
1629,682.2521276078568,678.7841136913628
1630,686.9885317664623,681.1398510334215
1631,687.7148777866183,683.0278194510099
1632,691.8359475197734,686.157545033899
1633,691.4891296148409,688.0561228591104
1634,691.7859567929789,689.9628886961348
1635,692.4304110700685,691.051264556856
1636,692.9284791966461,692.0939848388615
1637,695.0636612781772,692.7395275905423
1638,699.6262242873532,694.3669465250448
1639,695.4876518055689,695.1072855275628
1640,645.7371066423955,685.7686246420283
1641,695.2621354743351,686.235355897566
1642,694.8139464385799,686.1854129296465
1643,693.690881413458,684.9983443548675
1644,694.8906272168598,684.8789394371257
1645,691.8128998381064,694.0940980762678
1646,699.3429614761292,694.9102632766267
1647,695.4163617361012,695.0307463361308
1648,694.9735113772666,695.2872723288926
1649,695.6592786106036,695.4410026076414
1650,708.3286462248954,698.7441518849992
1651,699.8641354792682,698.848386685627
1652,696.2855735193714,699.022229042281
1653,700.9990864668483,700.2273440601973
1654,701.1730913367212,701.330106605421
1655,704.0791797634993,700.4802133131418
1656,702.0423986475233,700.9158659467927
1657,693.0407524841448,700.2669017397474
1658,695.4857218676104,699.1642288198998
1659,695.4286017548709,698.0153309035297
1660,691.962511196895,695.5919971902089
1661,688.8136813165185,692.946253724008
1662,696.2780499276956,693.5937132127181
1663,695.7708453186627,693.6507379029285
1664,700.2569764188335,694.6164128357211
1665,699.4199829752991,696.107907191402
1666,695.0459702292703,697.3543649739522
1667,696.4309897175154,697.3849529319162
1668,698.3217190814174,697.8951276844671
1669,689.5353352545699,695.7507994516144
1670,701.3769456952774,696.1421919956101
1671,693.5394394875775,695.8408858472716
1672,693.7416793892157,695.3030237816116
1673,693.4606219941503,694.3308043641582
1674,687.2511350823694,693.8739643297181
1675,693.6655905358024,692.3316932978231
1676,683.9126656920104,690.4063385387096
1677,680.9986001005603,687.8577226809786
1678,679.81213835287,685.1280259527224
1679,677.6434134848794,683.2064816332245
1680,678.5648432733279,680.1863321807296
1681,678.5754543225759,679.1188899068427
1682,676.8633230193572,678.291834490602
1683,693.8701914488028,681.1034451097887
1684,677.3259069060974,681.0399437940322
1685,673.3831112598817,680.003597391343
1686,674.3430401500599,679.1571145568398
1687,674.6403308349998,678.7125161199683
1688,674.0274661806558,674.743971066339
1689,672.8373399330853,673.8462576717366
1690,673.8031128921558,673.9302579981913
1691,676.6817526482195,674.3980004978232
1692,674.5559393992968,674.3811222106826
1693,675.7990963690356,674.7354482483586
1694,676.1218978167312,675.3923598250877
1695,680.119412234196,676.6556196934959
1696,677.5080326216599,676.820875688184
1697,681.497113613607,678.2091105310459
1698,681.7008993846806,679.389471134175
1699,681.465793316968,680.4582502342223
1700,679.7848493530564,680.3913376579943
1701,680.7419350416453,681.0381181419914
1702,679.181241637642,680.5749437467985
1703,677.9307577863392,679.8209154271301
1704,676.7319109482277,678.8741389533822
1705,682.1762596336034,679.3524210094915
1706,683.4274914612336,679.8895322934092
1707,674.6383548577629,678.9809549374334
1708,678.7803124354801,679.1508658672616
1709,681.4272325075186,680.0899301791197
1710,685.9692243202138,680.8485231164418
1711,678.7149290064264,679.9060106254803
1712,679.1907407269371,680.8164877993152
1713,682.0968913991502,681.4798035920492
1714,679.63462276074,681.1212816426935
1715,678.7555473858547,679.6785462558216
1716,676.4308894311579,679.2217383407681
1717,694.1153270316782,682.2066556017162
1718,695.4060441936648,684.8684861606191
1719,676.4050757370942,684.2225767558899
1720,674.5398042705214,683.3794281328233
1721,672.7685246257839,682.6469551717486
1722,674.2578166141889,678.6754530882506
1723,673.101951541717,674.214634557861
1724,673.4496523032885,673.6235498711
1725,672.5595487906627,673.2274987751282
1726,672.7229399238182,673.218381834735
1727,675.1430099346425,673.3954204988258
1728,670.5944376720522,672.8939177248928
1729,676.5567684614163,673.5153409565185
1730,681.9662071482269,675.3966726280312
1731,682.799717907416,677.4120282247508
1732,681.0939929082434,678.602224819471
1733,674.0664319133961,679.2966236677397
1734,674.9605453372499,678.9773790429065
1735,694.3525173522565,681.4546410837123
1736,670.2704601444842,678.9487895311261
1737,687.7773063762424,680.2854522247259
1738,684.6711402639243,682.4063938948315
1739,684.4424413041746,684.3027730882164
1740,684.8191888193178,682.3961073816287
1741,685.0842377337182,685.3588628994754
1742,685.9314982970567,684.9897012836383
1743,683.8679356142878,684.8290603537109
1744,685.8130352581757,685.1031791445113
1745,686.0013443961358,685.3396102598748
1746,687.1564600338565,685.7540547199025
1747,674.0010706706303,683.3679691946172
1748,671.3323590245616,680.860853876672
1749,672.1170178044249,678.1216503859218
1750,686.2605637013978,678.1734942469742
1751,685.9318302561866,677.9285682914402
1752,676.1086823988201,678.3500906370782
1753,672.6394859446928,678.6115160211044
1754,684.5473478896888,681.0975820381572
1755,686.2764560247117,681.1007605028201
1756,686.1065144134501,681.1356973342727
1757,686.4577444998497,683.2055097544786
1758,688.3004146691602,686.3376954993721
1759,674.1419185507929,684.2566096315929
1760,675.463731588715,682.0940647443934
1761,671.8616738630038,679.2450966343042
1762,675.7817679826069,677.1099013308558
1763,677.4472599799018,674.9392703930041
1764,679.6646365089887,676.0438139846432
1765,686.6787250286818,678.2868126726366
1766,688.0166802443085,681.5178139488976
1767,687.7240121909773,683.9062627905716
1768,686.1348391144262,685.6437786174764
1769,688.5576958326578,687.4223904822103
1770,680.0075074194623,686.0881469603664
1771,677.4764143009621,683.980093771697
1772,674.9651139356018,681.4283141206221
1773,674.0575988844002,679.0128660746169
1774,667.6850431411641,674.8383355363181
1775,668.8582353151212,672.6084811154499
1776,680.3744497507475,673.188088205407
1777,665.279154230158,671.2508962643182
1778,681.499385390414,672.739253565521
1779,681.9255191677363,675.5873487708354
1780,659.168311047324,673.649363917276
1781,660.6752168669649,669.7095173405194
1782,677.4082075039141,672.1353279952706
1783,673.4630141085385,670.5280537388956
1784,678.2182468956138,669.7865992844711
1785,657.4411788644827,669.4411728479029
1786,654.8564329912235,668.2774160727546
1787,654.112652794755,663.6183051309227
1788,655.3658169419328,659.9988656976017
1789,645.8852753641441,653.5322713913076
1790,642.3880760669426,650.5216508317997
1791,637.1951485295431,646.9893939394635
1792,640.5539271523573,644.277648810984
1793,633.7934815839418,639.9631817393858
1794,630.9739003086979,636.9809067282965
1795,636.1133362325417,635.7259587614163
1796,642.5912808844591,636.8051852323995
1797,647.6706228529362,638.2285243725153
1798,645.3824075798137,640.5463095716898
1799,636.4594464990436,641.6434188097589
1800,635.1266630171283,641.4460841666762
1801,632.8282316902455,639.4934743278334
1802,631.6427171197512,636.2878931811964
1803,633.6227154825651,633.9359547617468
1804,626.0875460799622,631.8615746779304
1805,630.417056406965,630.9196533558978
1806,628.7005251241363,630.094112042676
1807,630.3999977448499,629.8455681676957
1808,632.0205539070995,629.5251358526026
1809,637.0406864296378,631.7157639225377
1810,625.3776273872384,630.7078781185924
1811,624.7206443094876,629.9119019556626
1812,622.7341691508065,628.3787362368539
1813,623.7066749382788,626.7159604430898
1814,619.4963433782129,623.2070918328047
1815,622.7981824002206,622.6912028354013
1816,619.7785394246681,621.7027818584373
1817,620.091078949357,621.1741638181475
1818,622.6850443148974,620.9698376934712
1819,626.4442066177187,622.3594103413724
1820,628.7015269935329,623.5400792600348
1821,629.2404305043528,625.4324574759718
1822,633.5911479255261,628.1324712712055
1823,632.705276114066,630.1365176310394
1824,631.8611239318186,631.2199010938592
1825,635.6415566865782,632.6079070324683
1826,635.9818427697055,633.956189485539
1827,639.7782312760351,635.1936061556407
1828,639.6380428482184,636.5801595024711
1829,638.2095850963276,637.849851735373
1830,638.1766954398133,638.35687948602
1831,640.0747412645752,639.175459184994
1832,640.479333983628,639.3156797265125
1833,640.955985612438,639.5792682793565
1834,640.0930065877383,639.9559525776385
1835,637.1832262207839,639.7572587338326
1836,637.9066067027231,639.3236318214622
1837,637.9115997494113,638.8100849746189
1838,638.4084565431798,638.3005791607673
1839,639.1756277991832,638.1171034030563
1840,642.1112172784079,639.1027016145811
1841,645.386851970134,640.5987506680632
1842,647.2946790224655,642.4753665226741
1843,648.8293775161022,644.5595507172586
1844,649.4664753287523,646.6177202231723
1845,649.5401765950475,648.1035120865004
1846,650.4360019836404,649.1133420892016
1847,650.6035381465324,649.7751139140149
1848,647.8759328131556,649.5844249734257
1849,646.8637157450132,649.0638730566777
1850,645.6485029745403,648.2855383325764
1851,639.4301776327818,646.0843734624046
1852,637.0224098384671,643.3681478007917
1853,636.4438136910137,641.0817239763633
1854,636.6080422588793,639.0305892791364
1855,637.906653871451,637.4822194585186
1856,639.0565227674712,637.4074884854565
1857,636.1967797361991,637.242362465003
1858,637.4925928399172,637.4521182947835
1859,637.2541891389214,637.581347670792
1860,634.8021838166115,636.9604536598241
1861,638.0324475585031,636.7556386180305
1862,641.4110666083981,637.7984959924703
1863,642.478268248806,638.795631074248
1864,646.4577823700497,640.6363497204736
1865,648.4950957480204,643.3749321067555
1866,646.2356723977408,645.015577074603
1867,642.6796444937022,645.2692926516638
1868,640.48122745963,644.8698844938286
1869,637.2918056102455,643.0366891418678
1870,635.2613812825892,640.3899462487815
1871,633.1958584802142,637.7819834652762
1872,630.9038135783882,635.4268172822134
1873,628.334316375392,632.9974350653658
1874,627.2098193194562,630.9810378072079
1875,624.8722280479197,628.9032071602741
1876,631.4489206170331,628.5538195876378
1877,635.921800714487,629.5574170148577
1878,629.9930989374277,629.8891735272648
1879,632.6546994649822,630.97814955637
1880,634.1976064383821,632.8432252344624
1881,634.4683295221814,633.4471070154921
1882,641.4601951283614,634.5547858982669
1883,647.0519841854572,637.9665629478728
1884,646.6325550787914,640.7621340706347
1885,644.872387476671,642.8970902782925
1886,650.1595990236044,646.035344178577
1887,665.6646547124998,650.8762360954048
1888,664.725395377975,654.4109183339083
1889,673.0002854792411,659.6844644139983
1890,670.9286763400033,664.8957221866647
1891,667.405423007773,668.3448869834984
1892,668.6646153710723,668.9448791152129
1893,664.1990316973759,668.8396063790931
1894,663.7741513746388,666.9943795581727
1895,658.6735350579418,664.5433513017604
1896,657.2553343303359,662.5133335662729
1897,655.5512384585087,659.8906581837603
1898,658.0060439087777,658.6520606260406
1899,659.1950765472988,657.7362456605726
1900,663.8324029029328,658.7680192295708
1901,663.1630399787011,659.9495603592438
1902,659.0985926065861,660.6590311888592
1903,657.9139169957692,660.6406058062576
1904,658.696392526224,660.5408690020428
1905,662.3930232213642,660.2529930657289
1906,660.8566307487598,659.7917112197407
1907,666.1943662309676,661.210865944617
1908,663.4918149459619,662.3264455346555
1909,659.9287008209296,662.5729071935966
1910,668.8889703476873,663.8720966188613
1911,661.1240281128103,663.9255760916714
1912,663.8503762350208,663.456778092482
1913,676.8501176435178,666.1284386319932
1914,676.4106693328421,669.4248323343757
1915,674.751200668549,670.597278398548
1916,675.3801213144973,673.4484970388854
1917,672.6489805060421,675.2082178930896
1918,670.4948227351713,673.9371589114204
1919,671.5174717004901,672.95851938495
1920,673.4676699675763,672.7018132447554
1921,674.1618805114688,672.4581650841498
1922,676.3398335037041,673.1963356836822
1923,673.4705572781606,673.79148259228
1924,679.6071100601403,675.40941026421
1925,678.6875524767322,676.4533867660413
1926,642.0638396246198,670.0337785886713
1927,640.6486908032741,662.8955500485854
1928,633.4499974393017,654.8914380808136
1929,634.5359999462323,645.8772160580321
1930,632.8294066596119,636.7055868946079
1931,628.4184867357338,633.9765163168308
1932,629.802872819359,631.8073527200478
1933,672.8317514614157,639.6837035244705
1934,664.2132215927943,645.6191478537829
1935,673.6480044512621,653.782867412113
1936,671.4040693778971,662.3799839405456
1937,669.5933436471554,670.3380781061048
1938,615.3308881116204,658.8379054361459
1939,674.9493746831824,660.9851360542235
1940,668.1573152662284,659.8869982172167
1941,611.3163294706716,647.8694502357718
1942,605.4358072520394,635.0379429567485
1943,663.5465541039596,644.6810761552163
1944,607.3194112809829,631.1550834747763
1945,614.6449454085517,620.452609503241
1946,598.6731918118128,617.9239819714692
1947,597.5005572244997,616.3369319659614
1948,599.2386932227405,603.4753597897176
1949,601.9885819877446,602.4091939310699
1950,604.2854584977084,600.3372965489012
1951,606.1154543978686,601.8257490661124
1952,607.7701480407907,603.8796672293706
1953,603.8596300899677,604.803854602816
1954,656.3822888223373,615.6825959697345
1955,661.1264978802112,627.0508038462351
1956,680.5949470208035,641.9467023708221
1957,685.0358509933279,657.3998429613296
1958,680.463557273277,672.7206283979914
1959,683.2681267898537,678.0977959914946
1960,685.7417144721526,683.020839309883
1961,655.4922883093992,678.000307567602
1962,640.585660782921,669.1102695255206
1963,641.4696642388172,661.3114909186288
1964,641.535986819427,652.9650629245434
1965,643.3741899028942,644.4915580106917
1966,643.3447332470181,642.0620469982156
1967,645.2407689416475,642.9930686299608
1968,645.4286430154398,643.7848643852852
1969,643.6205903762636,644.2017850966525
1970,643.4822623742225,644.2233995909182
1971,641.1094005418756,643.7763330498899
1972,643.0207408688335,643.332327435327
1973,642.7137163146273,642.7893420951644
1974,640.86971365775,642.2391667514618
1975,639.9682811739968,641.5363705114166
1976,641.136427356957,641.5417758744329
1977,639.3031417263621,640.7982560459387
1978,637.3167447785206,639.7188617387172
1979,632.3576248794812,638.0164439830636
1980,631.1068808818322,636.2441639246306
1981,668.5988461538931,641.7366476840178
1982,618.5537231816171,637.5867639750688
1983,608.3784440708478,631.7991038335343
1984,604.9187858785274,626.3113360333434
1985,599.7260892016933,620.0351776973158
1986,634.6012860726574,613.2356656810687
1987,593.9661924281967,608.3181595303845
1988,591.9097586123844,605.0244224386919
1989,585.9309549675398,601.2268562564943
1990,585.5131878575637,598.3842759876684
1991,582.3391156745696,587.9318419080508
1992,580.1960836901239,585.1778201604363
1993,576.8901333990561,582.1738951177706
1994,578.6941850010219,580.7265411244671
1995,577.3789145801226,579.0996864689789
1996,579.0485103638621,578.4415654068373
1997,579.7237495188408,578.3470985725806
1998,580.7946508722117,579.1280020672118
1999,597.9195081737554,582.9730667017586
2000,638.9827133198097,595.2938264496959
2001,667.6976248978847,613.0236493565004
2002,669.3047819850514,630.9398558497426
2003,666.205299448863,648.0219855650728
2004,618.9257706908401,652.2232380684898
2005,621.9122301954354,648.8091414436149
2006,623.0259270349226,639.8748018710224
2007,625.8167035550551,631.1771861850232
2008,623.2170600334157,622.5795383019338
2009,627.0072739181126,624.1958389473882
2010,627.9467811933869,625.4027491469785
2011,630.5916121536409,626.9158861707223
2012,632.3124741357152,628.2150402868542
2013,631.1074362795218,629.7931155360754
2014,630.0460655489363,630.4008738622402
2015,629.9573741459268,630.8029924527482
2016,629.7557795131162,630.6358259246433
2017,633.4931210189899,630.8719553012982
2018,634.126939569858,631.4758559593654
2019,635.117261675793,632.4900951847368
2020,633.1515778492833,633.1289359254081
2021,634.4841101003827,634.0746020428613
2022,632.604672114968,633.8969122620571
2023,630.1460727859686,633.1007389052791
2024,629.3917463778137,631.9556358456832
2025,627.7139246311781,630.8681052020622
2026,608.7525228054182,625.7217877430693
2027,603.3534864862431,619.8715506173243
2028,601.9306219982979,614.2284604597901
2029,649.7504059665418,618.3001923775358
2030,606.1995738344181,613.9973222181839
2031,655.1446179505515,623.2757412472105
2032,599.987721219165,622.6025881937949
2033,595.3424061974978,621.2849450336349
2034,591.6639357520046,609.6676509907273
2035,591.151912631276,606.658118750099
2036,593.7700602774921,594.3832072154871
2037,595.6506088422425,593.5157847401026
2038,604.8881318897269,595.4249298785485
2039,602.9410246793076,597.6803476640091
2040,601.6872613217527,599.7874174021043
2041,603.8678582514542,601.8069769968968
2042,608.5467311403318,604.3862014565145
2043,607.4999563208787,604.908566342745
2044,610.4637820788781,606.413117822659
2045,608.9838582819845,607.8724372147055
2046,609.7869688902855,609.0562593424718
2047,611.527722610872,609.6524576365797
2048,614.2580159381998,611.004069560044
2049,614.761023333998,611.8635178110679
2050,615.8375066791957,613.2342474905103
2051,614.6817832144011,614.2132103553333
2052,615.0284200241406,614.913349837987
2053,615.7387822300813,615.2095030963634
2054,619.4258829201144,616.1424750135866
2055,620.2758239012303,617.0301384579935
2056,619.8608949596596,618.0659608070453
2057,617.2243762933819,618.5051520608935
2058,616.2683373642762,618.6110630877324
2059,616.0397475670875,617.9338360171271
2060,616.1648395412744,617.1116391451359
2061,614.1130054114392,615.9620612354918
2062,613.0918282227977,615.135551621375
2063,616.6342686353477,615.2087378755893
2064,616.5210096116285,615.3049902844975
2065,614.7549876489062,615.0230199060239
2066,617.1477210847642,615.629963040689
2067,617.1885936573162,616.4493161275926
2068,618.5874226305124,616.8399469266255
2069,621.5157559529971,617.8388961948992
2070,621.5541276098004,619.198724187078
2071,620.2875146441461,619.8266828989543
2072,622.5070220342251,620.8903685743362
2073,621.6730825645693,621.5075005611476
2074,622.4124150653694,621.686832383622
2075,618.4449439088631,621.0649956434347
2076,620.8213720830254,621.1717671312105
2077,623.0197402984555,621.2743107840566
2078,624.6934487047505,621.8783840120929
2079,624.8878122039633,622.3734634398116
2080,626.8787244589938,624.0602195498377
2081,627.1052876125631,625.3170026557452
2082,628.3504326345616,626.3831411229664
2083,629.5729089971817,627.3590331814528
2084,632.1753857787539,628.8165478964108
2085,663.3857771802647,636.117958440665
2086,633.45765206376,637.3884313309044
2087,634.5435476153352,638.6270543270591
2088,634.6186420278234,639.6362009331874
2089,634.3956455987668,640.08025289719
2090,635.490320722256,634.5011616055883
2091,635.7274306609607,634.9551173250284
2092,636.6034932395155,635.3671064498645
2093,636.2212419121075,635.6876264267214
2094,637.1732583232044,636.2431489716089
2095,636.7798106853787,636.5010469642334
2096,636.8597394629477,636.7275087246308
2097,633.1638671270937,636.0395835021465
2098,634.2360539126795,635.6425459022608
2099,633.121500879402,634.8321944135002
2100,632.6017461145213,633.9965814993288
2101,629.9814886857018,632.6209313438796
2102,632.0827107106351,632.404700060588
2103,630.7973866769294,631.7169666134379
2104,630.2947793263558,631.1516223028286
2105,628.9295820662968,630.4171894931837
2106,631.2329549816338,630.6674827523702
2107,628.1435548637913,629.8796515830014
2108,628.745433579829,629.4692609635814
2109,629.097802245847,629.2298655474794
2110,629.8097229707637,629.4058937283729
2111,629.8144197217655,629.1221866763992
2112,631.4037267706008,629.7742210577611
2113,631.6903184344786,630.3631980286912
2114,633.8123086049569,631.3060993005131
2115,626.6750543447769,630.6791655753157
2116,675.6534093685921,639.8469635046811
2117,675.6712239235051,648.700462935262
2118,638.4494372304465,650.0522866944555
2119,641.8328768248115,651.6564003384264
2120,642.471571507385,654.815703770948
2121,684.0927084438505,656.5035635859997
2122,648.904519144959,651.1502226302904
2123,651.4620414060676,653.7527434654147
2124,652.6379281567681,655.913753731806
2125,652.7354908620805,657.9665376027451
2126,651.0906753897485,651.3661309919247
2127,653.4175329081357,652.2687337445601
2128,650.0062811132317,651.977581685993
2129,645.9828106020577,650.6465581750508
2130,640.919290523556,648.283318107346
2131,639.1180648789324,645.8887960051827
2132,638.3349929092034,642.8722880053963
2133,637.2141690146167,640.3138655856732
2134,625.0478007020918,636.12686360568
2135,627.6448609511951,633.4719776912078
2136,624.1896594822498,630.4862966118714
2137,623.460139907364,627.5113260115035
2138,622.7884236991689,624.6261769484139
2139,618.7501333610134,623.3666434801983
2140,621.3918441559657,622.1160401211524
2141,620.5341997955369,621.3849481838097
2142,622.5355677981426,621.2000337619655
2143,621.9494048150992,621.0322299851516
2144,623.7657372950458,622.0353507719581
2145,622.3173708032317,622.2204561014112
2146,624.4463115809409,623.0028784584921
2147,628.8360518017616,624.2629752592159
2148,629.5624986007473,625.7855940163455
2149,629.4159481951589,626.915636196368
2150,630.7865464735878,628.6094713304393
2151,630.5565827854508,629.8315255713412
2152,630.3629174776994,630.1368987065289
2153,629.7060422164926,630.165607429678
2154,627.956280560594,629.873673902765
2155,625.4871726935507,628.8137991467576
2156,625.4869545704123,627.7998735037497
2157,623.9971707886049,626.5267241659309
2158,622.2877868469367,625.0430730920198
2159,622.7049470282656,623.992806385554
2160,623.0781532926079,623.5110025053655
2161,619.6510992117338,622.3438314336297
2162,620.3133893499604,621.6070751459008
2163,620.8573328543254,621.3209843473786
2164,619.4057634418853,620.6611476301025
2165,618.9721841430204,619.8399538001851
2166,618.8694174115491,619.683617440148
2167,619.3500188922321,619.4909433486025
2168,618.4491809184918,619.0093129614357
2169,619.1846709291767,618.9650944588941
2170,617.505316245708,618.6717208794315
2171,616.6473686103774,618.2273111191972
2172,615.7826739075713,617.513842122265
2173,615.2647030119963,616.876946540966
2174,614.1486856068478,615.8697494765001
2175,611.2907527046281,614.6268367682842
2176,610.8321866217466,613.463800370558
2177,609.6023267486033,612.2277309387644
2178,610.7295384295027,611.3206980222657
2179,611.3137200816194,610.75370491722
2180,611.3385320530696,610.7632607869083
2181,612.5856762039796,611.1139587033549
2182,611.4350591348609,611.4805051806063
2183,612.8261626266507,611.899830020036
2184,611.4652620015885,611.9301384040298
2185,612.6035339919962,612.1831387918152
2186,612.9514246105077,612.2562884731208
2187,615.0108992321998,612.9714564925886
2188,615.7343601942905,613.5530960061166
2189,613.9841223204864,614.0568680698962
2190,612.4411614996583,614.0243935714285
2191,615.2775199453122,614.4896126383894
2192,613.3117135155162,614.1497754950527
2193,611.455770801272,613.294057616449
2194,610.9612077088632,612.6894746941243
2195,612.8975463255937,612.7807516593115
2196,616.044247671406,612.9340972045302
2197,612.6069886624812,612.7931522339233
2198,614.5608740081531,613.4141728752994
2199,618.4608591531473,614.9141031641562
2200,617.0320000857137,615.7409939161802
2201,621.9164170352799,616.915427788955
2202,615.0976341163372,617.4135568797262
2203,613.8159111940298,617.2645643169016
2204,614.0103203776176,616.3744565617957
2205,616.9439374036847,616.3568440253899
2206,617.8047947258772,615.5345195635093
2207,619.1728707457379,616.3495668893895
2208,620.0681592225732,617.6000164950981
2209,621.7746968665185,619.1528917928783
2210,621.5873404148019,620.0815723951016
2211,623.790759687269,621.2787653873801
2212,626.1344514662753,622.6710815314876
2213,619.3629919022362,622.5300480674202
2214,623.9140914338075,622.957926980878
2215,625.1873241814022,623.677923734198
2216,631.3877457083063,625.1973209384055
2217,634.793516215659,626.9291338882822
2218,637.0575509063545,630.4680456891059
2219,635.6062691926759,632.8064812408795
2220,635.7635709626846,634.921730597136
2221,631.8492606833398,635.0140335921428
2222,629.1104431898877,633.8774189869885
2223,630.0529041318376,632.4764896320851
2224,628.2080446113106,630.996844715812
2225,630.2843815849274,629.9010068402606
2226,630.7373819344549,629.6786310904836
2227,618.6530403263571,627.5871505177776
2228,633.6486006685234,628.3062898251146
2229,637.0993121954489,630.0845433419423
2230,640.6097919590491,632.1496254167666
2231,641.7034003527157,634.3428291004188
2232,637.5854815227619,638.1293173396998
2233,643.8662014116986,640.1728374883348
2234,642.8645121753964,641.3258774843243
2235,652.6166341206779,643.7272459166501
2236,648.8205371093493,645.1506732679769
2237,648.6127472514012,647.3561264137046
2238,653.0382022030773,649.1905265719804
2239,655.9337621751221,651.8043765719256
2240,653.2293158614118,651.9269129200723
2241,655.3392075069094,653.2306469995843
2242,663.2361935609752,656.1553362614992
2243,666.6192816274165,658.8715521463671
2244,666.8911656086834,661.0630328330792
2245,669.3786831143797,664.2929062836729
2246,676.5628501755965,668.5376348174102
2247,680.0161212652433,671.8936203582639
2248,684.0455141877208,675.3788668703247
2249,688.2366612641817,679.6479660014244
2250,687.610189865241,683.2942673515965
2251,691.0840272495213,686.1985027663816
2252,692.459908178811,688.6872601490952
2253,694.7934381033912,690.8368449322293
2254,698.7481904505466,692.9391507695022
2255,697.6172590496168,694.9405646063774
2256,703.953870790913,697.5145333146558
2257,705.808329555456,700.1842175899847
2258,708.3642766657246,702.8983853024514
2259,707.4685909534804,704.6424654030382
2260,706.1950469715027,706.3580229874153
2261,704.0154389189607,706.3703366130248
2262,702.758869382511,705.7604445784358
2263,695.3549256988283,703.1585743850567
2264,693.3805185204335,700.3409598984473
2265,694.1812394134311,697.9381983868329
2266,692.5989884311407,695.654908289269
2267,690.5231048497168,693.20775538271
2268,690.6658301420675,692.2699362713579
2269,689.4573042854998,691.4852934243712
2270,695.5225523626527,691.7535560142155
2271,690.24397816359,691.2825539607054
2272,690.5667875109498,691.2912904929519
2273,691.9818175996008,691.5544879844587
2274,692.7417887388526,692.2113848751292
2275,693.9838327622277,691.9036409550442
2276,695.3813405781993,692.9311134379661
2277,699.700318858495,694.7578197074752
2278,697.0753880306881,695.7765337936926
2279,696.3274406537658,696.4936641766752
2280,695.3750632423857,696.7719102727068
2281,695.4805180960765,696.7917457762821
2282,693.4798908791906,695.5476601804214
2283,694.3469404416111,695.0019706626059
2284,693.8412581540709,694.504734162667
2285,695.2930993912636,694.4883413924425
2286,688.613519348416,693.1149416429105
2287,694.4991295714923,693.3187893813708
2288,695.2650236289887,693.5024060188464
2289,689.4582740826917,692.6258092045705
2290,688.479828640141,691.2631550543459
2291,687.2806192958172,690.9965750438262
2292,688.9016061125963,689.877070352047
2293,686.6377710050298,688.1516198272552
2294,685.3104533966473,687.3220556900462
2295,695.9068817071906,688.8074663034562
2296,696.6968015451549,690.6907027533238
2297,692.2352026574329,691.3574220622911
2298,691.2460454075033,692.2790769427858
2299,687.8442325866669,692.7858327807896
2300,685.1682402584586,690.6381044910434
2301,682.1876226288324,687.7362687077788
2302,681.5817923960317,685.6055866554985
2303,680.1917352300851,683.3947246200149
2304,680.5401776380145,681.9339136302845
2305,679.1243198667908,680.7251295519509
2306,675.9528907018481,679.478183166554
2307,675.5143849354573,678.2647016744392
2308,676.4673361928453,677.5198218669912
2309,676.2882359128828,676.6694335219648
2310,676.6431860559012,676.173206759787
2311,676.1669387455904,676.2160163685354
2312,676.6739879483321,676.4479369711104
2313,675.3057963279837,676.2156289981381
2314,675.6535877396523,676.088699363492
2315,673.7418353154779,675.5084292154073
2316,670.340895536285,674.3432205735462
2317,669.1335674399063,672.8351364718611
2318,669.6646528917013,671.7069077846046
2319,665.2884096198815,669.6338721606504
2320,663.4159912959386,667.5687033567425
2321,664.2541504073109,666.3513543309477
2322,660.606094547004,664.6458597523672
2323,662.3959969369474,663.1921285614164
2324,664.9174091028406,663.1179284580082
2325,665.7231496846235,663.5793601357452
2326,667.7230219400599,664.2731344422951
2327,666.6373965864434,665.479394850183
2328,666.9193033014839,666.3840561230902
2329,664.9855051643044,666.397675335383
2330,665.5072769822989,666.3545007949181
2331,662.7784089832079,665.3655782035477
2332,662.0568517393575,664.4494692341306
2333,662.648974758875,663.5954035256087
2334,661.815500862232,662.9614026651942
2335,661.2182872538558,662.1036047195057
2336,661.2746288089794,661.8028486846599
2337,664.6832317134916,662.3281246794868
2338,662.4521357178667,662.2887568712852
2339,661.7704822259946,662.2797531440376
2340,661.3894721873703,662.3139901307405
2341,661.007003272944,662.2604650235335
2342,662.6667763595914,661.8571739527533
2343,661.0237045580212,661.5714877207844
2344,661.80809482224,661.5790102400333
2345,654.894844351509,660.2800846728611
2346,660.9971593443871,660.2781158871497
2347,656.1819446768659,658.9811495506046
2348,656.0594559928774,657.9882998375758
2349,660.8681051877373,657.8003019106754
2350,662.2258968836793,659.2665124171094
2351,661.4966906385002,659.366418675932
2352,666.6497804743444,661.4599858354278
2353,664.3062558943354,663.1093458157193
